gene_id	protein_id	reference_accession	gene_symbol	identity(%)	coverage(%)	bit_score	evalue
LOC135227168	XP_064077102.1	Q969H6	POP5	33.33	12.00	-	-
LOC135194849	XP_064077103.1	O75191	XYLB	59.29	53.30	-	-
LOC135194850	XP_064077104.1	Q00526	CDK3	66.56	29.90	-	-
LOC135194851	XP_064077105.1	P78540	ARGI2	44.41	32.20	-	-
LOC135194852	XP_064077106.1	Q9H089	LSG1	48.98	19.60	-	-
LOC135194853	XP_064077108.1	Q5TID7	CC181	29.55	13.20	-	-
LOC135194854	XP_064077113.1	Q96HN2	SAHH3	81.50	45.40	-	-
LOC135194854	XP_064077120.1	Q96HN2	SAHH3	81.50	45.40	-	-
LOC135194854	XP_064077128.1	Q96HN2	SAHH3	81.50	45.40	-	-
LOC135194854	XP_064077136.1	Q96HN2	SAHH3	81.50	45.40	-	-
LOC135194854	XP_064077145.1	Q96HN2	SAHH3	81.50	45.40	-	-
LOC135194883	XP_064077148.1	Q8IZH2	XRN1	51.01	100.00	-	-
LOC135194883	XP_064077149.1	Q8IZH2	XRN1	51.01	100.00	-	-
LOC135194883	XP_064077150.1	Q8IZH2	XRN1	50.93	100.00	-	-
LOC135194884	XP_064077151.1	Q8IXJ6	SIR2	56.97	33.00	-	-
LOC135194884	XP_064077152.1	Q8IXJ6	SIR2	56.97	33.00	-	-
LOC135194884	XP_064077153.1	Q8IXJ6	SIR2	56.97	33.00	-	-
LOC135194854	XP_064077154.1	Q96HN2	SAHH3	81.50	45.40	-	-
LOC135194885	XP_064077155.1	P05090	APOD	37.35	16.60	-	-
LOC135194886	XP_064077156.1	Q5DT21	ISK9	55.17	2.90	-	-
LOC135194887	XP_064077157.1	P00995	ISK1	32.79	6.10	-	-
LOC135194888	XP_064077158.1	O00468	AGRIN	37.38	10.70	-	-
LOC135194892	XP_064077166.1	Q9NZQ0	DJC27	48.35	27.30	-	-
LOC135194896	XP_064077171.1	Q5DT21	ISK9	35.85	5.30	-	-
LOC135194897	XP_064077172.1	Q6UWN8	ISK6	36.99	7.30	-	-
LOC135194892	XP_064077173.1	Q9NZQ0	DJC27	48.35	27.30	-	-
LOC135194900	XP_064077177.1	P00995	ISK1	34.43	6.10	-	-
LOC135194900	XP_064077178.1	P00995	ISK1	34.43	6.10	-	-
LOC135194900	XP_064077179.1	P00995	ISK1	38.09	4.20	-	-
LOC135194901	XP_064077180.1	Q9H3U7	SMOC2	34.00	5.00	-	-
LOC135194892	XP_064077181.1	Q9NZQ0	DJC27	48.35	27.30	-	-
LOC135194904	XP_064077184.1	Q9H4F8	SMOC1	35.19	5.40	-	-
LOC135194905	XP_064077185.1	Q9H4F8	SMOC1	35.19	5.40	-	-
LOC135194905	XP_064077186.1	Q9H4F8	SMOC1	35.19	5.40	-	-
LOC135194905	XP_064077187.1	Q9H4F8	SMOC1	35.85	5.30	-	-
LOC135194906	XP_064077188.1	Q9H4F8	SMOC1	38.89	5.40	-	-
LOC135194907	XP_064077189.1	P62937	PPIA	32.22	18.00	-	-
LOC135194921	XP_064077191.1	Q1W4C9	ISK13	32.14	8.40	-	-
LOC135194907	XP_064077192.1	P62937	PPIA	32.22	18.00	-	-
LOC135194922	XP_064077193.1	Q5DT21	ISK9	43.18	4.40	-	-
LOC135194923	XP_064077194.1	Q9H4F8	SMOC1	38.30	4.70	-	-
LOC135194924	XP_064077195.1	P32238	CCKAR	28.91	33.90	-	-
LOC135194924	XP_064077196.1	O43603	GALR2	27.07	35.10	-	-
LOC135194925	XP_064077197.1	Q7RTM1	OTOP1	23.00	37.40	-	-
LOC135194925	XP_064077198.1	Q7RTM1	OTOP1	23.00	37.40	-	-
LOC135194926	XP_064077199.1	Q14112	NID2	34.71	12.10	-	-
LOC135194907	XP_064077200.1	P62937	PPIA	32.22	18.00	-	-
LOC135194926	XP_064077201.1	Q14112	NID2	34.71	12.10	-	-
LOC135194928	XP_064077202.1	O60500	NPHN	25.32	31.20	-	-
LOC135194931	XP_064077205.1	Q12912	IRAG2	33.65	21.40	-	-
LOC135194931	XP_064077206.1	Q12912	IRAG2	33.65	21.40	-	-
LOC135194931	XP_064077207.1	Q12912	IRAG2	33.65	21.40	-	-
LOC135194907	XP_064077208.1	P62937	PPIA	32.22	18.00	-	-
LOC135194931	XP_064077209.1	Q8N6L0	KASH5	25.51	24.70	-	-
LOC135194931	XP_064077210.1	Q12912	IRAG2	36.05	17.20	-	-
LOC135194931	XP_064077211.1	Q12912	IRAG2	33.65	21.40	-	-
LOC135194931	XP_064077212.1	Q12912	IRAG2	33.65	21.40	-	-
LOC135194931	XP_064077213.1	Q12912	IRAG2	33.65	21.40	-	-
LOC135194931	XP_064077215.1	Q12912	IRAG2	33.65	21.40	-	-
LOC135194931	XP_064077216.1	Q12912	IRAG2	33.65	21.40	-	-
LOC135194931	XP_064077217.1	Q12912	IRAG2	33.65	21.40	-	-
LOC135194932	XP_064077218.1	O43291	SPIT2	43.14	5.10	-	-
LOC135194907	XP_064077219.1	P62937	PPIA	32.22	18.00	-	-
LOC135194934	XP_064077220.1	Q02241	KIF23	45.89	63.20	-	-
LOC135194935	XP_064077221.1	Q96SN8	CK5P2	44.23	15.60	-	-
LOC135194937	XP_064077224.1	Q9Y5Z9	UBIA1	54.66	31.10	-	-
LOC135194937	XP_064077225.1	Q9Y5Z9	UBIA1	54.66	31.10	-	-
LOC135194937	XP_064077226.1	Q9Y5Z9	UBIA1	54.66	31.10	-	-
LOC135194907	XP_064077227.1	P62937	PPIA	32.22	18.00	-	-
LOC135194938	XP_064077228.1	Q8TDP1	RNH2C	24.82	14.10	-	-
LOC135194940	XP_064077230.1	P05556	ITB1	37.18	78.80	-	-
LOC135194940	XP_064077231.1	P05556	ITB1	37.18	78.80	-	-
LOC135194940	XP_064077232.1	P05556	ITB1	35.53	78.80	-	-
LOC135194941	XP_064077233.1	P56537	IF6	69.40	18.30	-	-
LOC135194941	XP_064077234.1	P56537	IF6	69.40	18.30	-	-
LOC135194907	XP_064077236.1	P62937	PPIA	32.22	18.00	-	-
LOC135194946	XP_064077238.1	Q8N6U8	GP161	41.48	13.50	-	-
LOC135194946	XP_064077239.1	Q8N6U8	GP161	41.48	13.50	-	-
LOC135194946	XP_064077240.1	Q8N6U8	GP161	41.48	13.50	-	-
LOC135194946	XP_064077241.1	Q8N6U8	GP161	41.48	13.50	-	-
LOC135194946	XP_064077242.1	Q8N6U8	GP161	41.48	13.50	-	-
LOC135194907	XP_064077243.1	P62937	PPIA	32.22	18.00	-	-
LOC135194948	XP_064077244.1	P40313	CTRL	36.15	26.00	-	-
LOC135194948	XP_064077245.1	P40313	CTRL	36.15	26.00	-	-
LOC135194949	XP_064077246.1	Q9H974	QTRT2	34.98	42.60	-	-
LOC135194950	XP_064077247.1	P11168	GTR2	28.99	41.40	-	-
LOC135194950	XP_064077248.1	P11168	GTR2	28.92	41.50	-	-
LOC135194950	XP_064077249.1	P11168	GTR2	28.92	41.50	-	-
LOC135194950	XP_064077250.1	P11168	GTR2	28.92	41.50	-	-
LOC135194950	XP_064077251.1	P11168	GTR2	28.92	41.50	-	-
LOC135194953	XP_064077253.1	Q15398	DLGP5	40.44	22.50	-	-
LOC135194954	XP_064077254.1	Q86UB9	TM135	31.47	44.80	-	-
LOC135194954	XP_064077255.1	Q86UB9	TM135	31.47	44.80	-	-
LOC135194951	XP_064077256.1	Q96LD8	SENP8	40.72	16.70	-	-
LOC135194954	XP_064077257.1	Q86UB9	TM135	31.47	44.80	-	-
LOC135194955	XP_064077258.1	Q8NFH5	NUP35	36.95	34.10	-	-
LOC135194956	XP_064077259.1	Q8IWX7	UN45B	39.29	89.60	-	-
LOC135194956	XP_064077260.1	Q8IWX7	UN45B	39.29	89.60	-	-
LOC135194956	XP_064077261.1	Q8IWX7	UN45B	39.29	89.60	-	-
LOC135194956	XP_064077262.1	Q8IWX7	UN45B	39.29	89.60	-	-
LOC135194957	XP_064077263.1	Q7L2H7	EIF3M	49.87	37.30	-	-
LOC135194957	XP_064077264.1	Q7L2H7	EIF3M	51.02	29.40	-	-
LOC135194959	XP_064077265.1	P07900	HS90A	78.86	71.90	-	-
LOC135194960	XP_064077266.1	P56282	DPOE2	49.33	51.90	-	-
LOC135194961	XP_064077267.1	Q8N983	RM43	42.67	15.00	-	-
LOC135194962	XP_064077269.1	Q4KMP7	TB10B	56.51	33.80	-	-
LOC135194962	XP_064077270.1	Q4KMP7	TB10B	56.51	33.80	-	-
LOC135194963	XP_064077271.1	Q9NZV5	SELN	35.37	31.10	-	-
LOC135194964	XP_064077272.1	Q96SQ7	ATOH8	60.83	9.70	-	-
LOC135194965	XP_064077273.1	Q8N9N5	BANP	56.43	14.00	-	-
LOC135194965	XP_064077274.1	Q8N9N5	BANP	56.43	14.00	-	-
LOC135194965	XP_064077275.1	Q8N9N5	BANP	56.43	14.00	-	-
LOC135194966	XP_064077276.1	P11441	UBL4A	31.69	14.20	-	-
LOC135194968	XP_064077277.1	P98194	AT2C1	53.77	88.90	-	-
LOC135194968	XP_064077278.1	P98194	AT2C1	53.77	88.90	-	-
LOC135194968	XP_064077279.1	P98194	AT2C1	53.77	88.90	-	-
LOC135194968	XP_064077280.1	P98194	AT2C1	53.77	88.90	-	-
LOC135194968	XP_064077281.1	P98194	AT2C1	53.77	88.90	-	-
LOC135194967	XP_064077282.1	P16562	CRIS2	35.94	19.20	-	-
LOC135194969	XP_064077283.1	Q16394	EXT1	51.39	75.50	-	-
LOC135194970	XP_064077284.1	Q9H1Z4	WDR13	51.35	48.10	-	-
LOC135194970	XP_064077285.1	Q9H1Z4	WDR13	51.35	48.10	-	-
LOC135194971	XP_064077286.1	Q99700	ATX2	40.99	22.20	-	-
LOC135194971	XP_064077287.1	Q99700	ATX2	40.99	22.20	-	-
LOC135194971	XP_064077288.1	Q99700	ATX2	41.36	22.00	-	-
LOC135194971	XP_064077289.1	Q99700	ATX2	40.99	22.20	-	-
LOC135194971	XP_064077290.1	Q99700	ATX2	40.99	22.20	-	-
LOC135194971	XP_064077291.1	Q99700	ATX2	40.99	22.20	-	-
LOC135194971	XP_064077292.1	Q99700	ATX2	41.06	20.70	-	-
LOC135194971	XP_064077293.1	Q99700	ATX2	39.35	15.50	-	-
LOC135194971	XP_064077294.1	Q99700	ATX2	39.87	15.30	-	-
LOC135194972	XP_064077295.1	Q9Y3C7	MED31	74.11	11.20	-	-
LOC135194973	XP_064077296.1	Q86VD9	PIGZ	32.12	49.50	-	-
LOC135194974	XP_064077297.1	P05090	APOD	27.61	16.30	-	-
LOC135194975	XP_064077298.1	P19622	HME2	73.77	6.10	-	-
LOC135194975	XP_064077299.1	P19622	HME2	73.77	6.10	-	-
LOC135194975	XP_064077300.1	P19622	HME2	73.77	6.10	-	-
LOC135194977	XP_064077301.1	P19622	HME2	76.11	11.30	-	-
LOC135194979	XP_064077302.1	Q9NVH0	EXD2	40.09	23.20	-	-
LOC135194981	XP_064077303.1	Q9NVH0	EXD2	40.07	54.90	-	-
LOC135194982	XP_064077304.1	Q8IZE3	PACE1	32.64	38.30	-	-
LOC135194983	XP_064077305.1	P08865	RSSA	62.82	31.20	-	-
LOC135194980	XP_064077306.1	Q96LD8	SENP8	41.07	16.80	-	-
LOC135194984	XP_064077307.1	Q8IYL2	TRM44	41.08	48.20	-	-
LOC135194986	XP_064077308.1	Q8N1I0	DOCK4	37.42	64.40	-	-
LOC135194986	XP_064077309.1	Q8N1I0	DOCK4	38.01	63.40	-	-
LOC135194986	XP_064077310.1	Q8N1I0	DOCK4	39.87	60.70	-	-
LOC135194987	XP_064077311.1	Q8IZD9	DOCK3	41.13	12.40	-	-
LOC135194987	XP_064077312.1	Q8IZD9	DOCK3	39.84	12.30	-	-
LOC135194991	XP_064077314.1	Q8N1I0	DOCK4	48.72	7.80	-	-
LOC135194994	XP_064077316.1	Q08257	QOR	48.45	32.20	-	-
LOC135194994	XP_064077317.1	Q08257	QOR	49.69	32.20	-	-
LOC135194994	XP_064077318.1	Q08257	QOR	48.45	32.20	-	-
LOC135194994	XP_064077319.1	Q08257	QOR	48.45	32.20	-	-
LOC135194994	XP_064077320.1	Q08257	QOR	48.45	32.20	-	-
LOC135194994	XP_064077321.1	Q08257	QOR	48.45	32.20	-	-
LOC135194994	XP_064077322.1	Q08257	QOR	49.69	32.20	-	-
LOC135194994	XP_064077323.1	Q08257	QOR	49.69	32.20	-	-
LOC135194994	XP_064077324.1	Q08257	QOR	49.69	32.20	-	-
LOC135194995	XP_064077325.1	Q6ZQN7	SO4C1	26.99	67.80	-	-
LOC135194994	XP_064077326.1	Q08257	QOR	49.69	32.20	-	-
LOC135194994	XP_064077327.1	Q08257	QOR	50.74	27.00	-	-
LOC135194994	XP_064077328.1	Q08257	QOR	40.68	32.20	-	-
LOC135194994	XP_064077329.1	Q08257	QOR	40.68	32.20	-	-
LOC135194994	XP_064077330.1	Q08257	QOR	40.68	32.20	-	-
LOC135194994	XP_064077331.1	Q08257	QOR	40.68	32.20	-	-
LOC135194994	XP_064077332.1	Q08257	QOR	40.68	32.20	-	-
LOC135194997	XP_064077334.1	Q8N8A6	DDX51	36.06	56.30	-	-
LOC135194997	XP_064077335.1	Q8N8A6	DDX51	36.06	56.30	-	-
LOC135194997	XP_064077336.1	Q8N8A6	DDX51	36.06	56.30	-	-
LOC135194999	XP_064077337.1	Q7KZF4	SND1	55.13	90.70	-	-
LOC135195000	XP_064077338.1	O75762	TRPA1	24.96	64.90	-	-
LOC135194998	XP_064077339.1	Q16288	NTRK3	30.75	34.80	-	-
LOC135195000	XP_064077340.1	O75762	TRPA1	24.96	64.90	-	-
LOC135195001	XP_064077341.1	Q99614	TTC1	57.65	19.60	-	-
LOC135195001	XP_064077342.1	Q99614	TTC1	57.65	19.60	-	-
LOC135195001	XP_064077343.1	Q99614	TTC1	57.65	19.60	-	-
LOC135195003	XP_064077345.1	Q9P212	PLCE1	39.80	100.00	-	-
LOC135195003	XP_064077346.1	Q9P212	PLCE1	39.80	100.00	-	-
LOC135195004	XP_064077347.1	Q6NXT1	ANR54	28.79	13.20	-	-
LOC135195006	XP_064077348.1	Q9UH92	MLX	58.65	20.80	-	-
LOC135195007	XP_064077349.1	Q9BV29	CCD32	26.18	19.10	-	-
LOC135195007	XP_064077350.1	Q9BV29	CCD32	26.18	19.10	-	-
LOC135195008	XP_064077351.1	Q13084	RM28	45.25	22.10	-	-
LOC135195009	XP_064077352.1	P61803	DAD1	66.07	11.20	-	-
LOC135195010	XP_064077353.1	Q4L235	ACSF4	26.72	23.20	-	-
LOC135195010	XP_064077354.1	Q4L235	ACSF4	26.72	23.20	-	-
LOC135195013	XP_064077355.1	P11117	PPAL	39.32	35.10	-	-
LOC135195013	XP_064077356.1	P11117	PPAL	38.33	36.00	-	-
LOC135195013	XP_064077357.1	P11117	PPAL	38.44	35.90	-	-
LOC135195013	XP_064077358.1	P11117	PPAL	38.44	35.90	-	-
LOC135195012	XP_064077359.1	P07305	H10	53.77	10.60	-	-
LOC135195014	XP_064077360.1	Q00765	REEP5	53.46	15.90	-	-
LOC135195014	XP_064077361.1	Q00765	REEP5	58.04	14.30	-	-
LOC135195014	XP_064077362.1	Q00765	REEP5	56.07	17.30	-	-
LOC135195014	XP_064077363.1	Q00765	REEP5	54.94	16.20	-	-
LOC135195016	XP_064077366.1	Q9Y226	S22AD	28.85	56.50	-	-
LOC135195016	XP_064077367.1	Q9Y226	S22AD	28.85	56.50	-	-
LOC135195016	XP_064077368.1	Q9Y226	S22AD	28.85	56.50	-	-
LOC135195016	XP_064077369.1	Q9Y226	S22AD	28.85	56.50	-	-
LOC135195016	XP_064077370.1	Q9Y226	S22AD	28.85	56.50	-	-
LOC135195016	XP_064077371.1	Q9Y226	S22AD	28.85	56.50	-	-
LOC135195016	XP_064077372.1	Q9Y226	S22AD	28.85	56.50	-	-
LOC135195016	XP_064077373.1	Q9Y226	S22AD	28.85	56.50	-	-
LOC135195017	XP_064077374.1	P22314	UBA1	65.36	100.00	-	-
LOC135195016	XP_064077375.1	Q9Y226	S22AD	28.85	56.50	-	-
LOC135195016	XP_064077376.1	Q9Y226	S22AD	28.85	56.50	-	-
LOC135195016	XP_064077377.1	Q9Y226	S22AD	28.85	56.50	-	-
LOC135195016	XP_064077378.1	Q9Y226	S22AD	28.85	56.50	-	-
LOC135195016	XP_064077379.1	Q9Y226	S22AD	28.85	56.50	-	-
LOC135195018	XP_064077380.1	Q96PE1	AGRA2	30.76	100.00	-	-
LOC135195018	XP_064077381.1	Q96PE1	AGRA2	30.76	100.00	-	-
LOC135195018	XP_064077382.1	Q96PE1	AGRA2	30.76	100.00	-	-
LOC135195019	XP_064077383.1	Q9BXR0	TGT	57.07	40.30	-	-
LOC135195017	XP_064077384.1	P22314	UBA1	65.92	100.00	-	-
LOC135195019	XP_064077385.1	Q9BXR0	TGT	57.07	40.30	-	-
LOC135195020	XP_064077386.1	Q6VMQ6	MCAF1	34.68	29.70	-	-
LOC135195020	XP_064077387.1	Q6VMQ6	MCAF1	34.68	29.70	-	-
LOC135195020	XP_064077388.1	Q6VMQ6	MCAF1	34.68	29.70	-	-
LOC135195020	XP_064077389.1	Q6VMQ6	MCAF1	37.40	24.60	-	-
LOC135195020	XP_064077390.1	Q6VMQ6	MCAF1	37.40	24.60	-	-
LOC135195022	XP_064077391.1	Q8TC92	ENOX1	46.40	52.80	-	-
LOC135195017	XP_064077392.1	P22314	UBA1	66.17	100.00	-	-
LOC135195022	XP_064077393.1	Q8TC92	ENOX1	46.40	52.80	-	-
LOC135195024	XP_064077397.1	Q9NQX7	ITM2C	28.57	20.30	-	-
LOC135195024	XP_064077398.1	Q9NQX7	ITM2C	28.57	20.30	-	-
LOC135195024	XP_064077399.1	Q9NQX7	ITM2C	28.57	20.30	-	-
LOC135195024	XP_064077400.1	Q9NQX7	ITM2C	28.57	20.30	-	-
LOC135195017	XP_064077402.1	P22314	UBA1	66.17	100.00	-	-
LOC135195026	XP_064077404.1	Q9NZC4	EHF	35.29	11.90	-	-
LOC135195027	XP_064077405.1	Q8NFU1	BEST2	54.52	35.40	-	-
LOC135195027	XP_064077406.1	Q8NFU1	BEST2	54.52	35.40	-	-
LOC135195028	XP_064077407.1	Q5BJD5	TM41B	60.16	24.60	-	-
LOC135195028	XP_064077408.1	Q5BJD5	TM41B	60.16	24.60	-	-
LOC135195028	XP_064077409.1	Q5BJD5	TM41B	60.16	24.60	-	-
LOC135195028	XP_064077410.1	Q5BJD5	TM41B	60.16	24.60	-	-
LOC135195017	XP_064077411.1	P22314	UBA1	66.17	100.00	-	-
LOC135195029	XP_064077412.1	Q96RY5	CRML	47.52	28.20	-	-
LOC135195030	XP_064077413.1	P62244	RS15A	82.31	13.00	-	-
LOC135195030	XP_064077414.1	P62244	RS15A	82.31	13.00	-	-
LOC135195032	XP_064077416.1	P10916	MLRV	41.92	16.70	-	-
LOC135195033	XP_064077417.1	P42575	CASP2	33.20	25.30	-	-
LOC135195033	XP_064077418.1	P42575	CASP2	33.20	25.30	-	-
LOC135195033	XP_064077419.1	P42575	CASP2	33.20	25.30	-	-
LOC135195033	XP_064077420.1	P42575	CASP2	33.20	25.30	-	-
LOC135195033	XP_064077421.1	P42575	CASP2	33.20	25.30	-	-
LOC135195033	XP_064077422.1	P42575	CASP2	33.20	25.30	-	-
LOC135195033	XP_064077423.1	P42575	CASP2	33.20	25.30	-	-
LOC135195034	XP_064077424.1	Q7RTS9	DYM	51.42	66.90	-	-
LOC135195035	XP_064077425.1	Q07973	CP24A	32.22	44.70	-	-
LOC135195037	XP_064077428.1	Q969J3	BORC5	36.91	16.80	-	-
LOC135195039	XP_064077429.1	Q9Y5Z4	HEBP2	34.64	17.90	-	-
LOC135195040	XP_064077430.1	Q9Y5Z4	HEBP2	34.57	16.20	-	-
LOC135195040	XP_064077431.1	Q9Y5Z4	HEBP2	34.57	16.20	-	-
LOC135195041	XP_064077432.1	Q15714	T22D1	38.96	7.70	-	-
LOC135195034	XP_064077433.1	Q7RTS9	DYM	51.42	66.90	-	-
LOC135195042	XP_064077434.1	Q99576	T22D3	59.55	8.90	-	-
LOC135195042	XP_064077435.1	Q99576	T22D3	59.55	8.90	-	-
LOC135195042	XP_064077436.1	Q99576	T22D3	68.57	7.00	-	-
LOC135195044	XP_064077437.1	P10827	THA	26.03	36.50	-	-
LOC135195044	XP_064077438.1	P10827	THA	26.03	36.50	-	-
LOC135195044	XP_064077439.1	P10827	THA	26.03	36.50	-	-
LOC135195044	XP_064077440.1	P10827	THA	26.03	36.50	-	-
LOC135195045	XP_064077441.1	Q14739	LBR	26.66	63.40	-	-
LOC135195045	XP_064077442.1	Q14739	LBR	26.66	63.40	-	-
LOC135195045	XP_064077443.1	Q14739	LBR	26.66	63.40	-	-
LOC135195045	XP_064077444.1	Q14739	LBR	26.66	63.40	-	-
LOC135195045	XP_064077445.1	Q14739	LBR	26.66	63.40	-	-
LOC135195045	XP_064077447.1	Q14739	LBR	31.59	40.20	-	-
LOC135195049	XP_064077452.1	Q16513	PKN2	78.43	34.30	-	-
LOC135195049	XP_064077453.1	Q16513	PKN2	78.43	34.30	-	-
LOC135195049	XP_064077454.1	Q16513	PKN2	78.43	34.30	-	-
LOC135195049	XP_064077455.1	Q16513	PKN2	78.43	34.30	-	-
LOC135195049	XP_064077456.1	Q16513	PKN2	78.43	34.30	-	-
LOC135195049	XP_064077457.1	Q16513	PKN2	50.53	28.50	-	-
LOC135195049	XP_064077458.1	Q16513	PKN2	78.43	34.30	-	-
LOC135195049	XP_064077459.1	Q16513	PKN2	78.43	34.30	-	-
LOC135195050	XP_064077460.1	O75962	TRIO	47.36	100.00	-	-
LOC135195049	XP_064077461.1	Q16513	PKN2	78.43	34.30	-	-
LOC135195049	XP_064077462.1	Q16513	PKN2	78.43	34.30	-	-
LOC135195049	XP_064077463.1	Q16513	PKN2	78.43	34.30	-	-
LOC135195049	XP_064077464.1	Q16513	PKN2	78.43	34.30	-	-
LOC135195049	XP_064077465.1	Q16513	PKN2	78.43	34.30	-	-
LOC135195052	XP_064077467.1	P08582	TRFM	32.01	72.80	-	-
LOC135195053	XP_064077468.1	P13639	EF2	63.93	86.50	-	-
LOC135195055	XP_064077469.1	Q6P3V2	Z585A	28.55	71.10	-	-
LOC135195055	XP_064077470.1	Q6P3V2	Z585A	28.55	71.10	-	-
LOC135195056	XP_064077471.1	Q96AP4	ZUP1	30.11	65.10	-	-
LOC135195056	XP_064077473.1	Q96AP4	ZUP1	29.95	65.10	-	-
LOC135195056	XP_064077474.1	Q96AP4	ZUP1	30.48	64.30	-	-
LOC135195057	XP_064077475.1	Q6FIF0	ZFAN6	36.97	21.10	-	-
LOC135195057	XP_064077476.1	Q6FIF0	ZFAN6	36.97	21.10	-	-
LOC135195057	XP_064077477.1	Q6FIF0	ZFAN6	36.97	21.10	-	-
LOC135195057	XP_064077478.1	Q6FIF0	ZFAN6	36.97	21.10	-	-
LOC135195057	XP_064077479.1	Q6FIF0	ZFAN6	36.97	21.10	-	-
LOC135195057	XP_064077480.1	Q6FIF0	ZFAN6	30.95	16.80	-	-
LOC135195058	XP_064077481.1	Q13510	ASAH1	53.94	16.50	-	-
LOC135195058	XP_064077482.1	Q13510	ASAH1	53.94	16.50	-	-
LOC135195058	XP_064077483.1	Q13510	ASAH1	53.94	16.50	-	-
LOC135195058	XP_064077484.1	Q13510	ASAH1	31.08	7.40	-	-
LOC135195060	XP_064077485.1	Q92973	TNPO1	74.44	89.20	-	-
LOC135195059	XP_064077486.1	Q9Y4Y9	LSM5	89.02	8.20	-	-
LOC135195060	XP_064077487.1	Q92973	TNPO1	74.64	76.10	-	-
LOC135195060	XP_064077488.1	Q92973	TNPO1	74.64	76.10	-	-
LOC135195061	XP_064077489.1	Q9NRV9	HEBP1	31.25	16.00	-	-
LOC135195062	XP_064077490.1	P07099	HYEP	45.34	46.10	-	-
LOC135195063	XP_064077491.1	P07099	HYEP	48.26	46.00	-	-
LOC135195063	XP_064077492.1	P07099	HYEP	48.26	46.00	-	-
LOC135195063	XP_064077493.1	P07099	HYEP	48.26	46.00	-	-
LOC135195064	XP_064077494.1	Q12800	TFCP2	29.33	20.80	-	-
LOC135195064	XP_064077495.1	Q12800	TFCP2	29.33	20.80	-	-
LOC135195067	XP_064077497.1	O75762	TRPA1	24.54	76.20	-	-
LOC135195067	XP_064077498.1	O75762	TRPA1	25.52	67.40	-	-
LOC135195065	XP_064077499.1	Q13003	GRIK3	22.69	45.40	-	-
LOC135195068	XP_064077500.1	O00423	EMAL1	50.97	67.30	-	-
LOC135195068	XP_064077501.1	O00423	EMAL1	50.97	67.30	-	-
LOC135195068	XP_064077502.1	O00423	EMAL1	52.05	65.90	-	-
LOC135195068	XP_064077503.1	O00423	EMAL1	52.21	65.70	-	-
LOC135195068	XP_064077504.1	O00423	EMAL1	50.97	67.30	-	-
LOC135195068	XP_064077505.1	O00423	EMAL1	50.97	67.30	-	-
LOC135195068	XP_064077506.1	O00423	EMAL1	50.97	67.30	-	-
LOC135195068	XP_064077507.1	O00423	EMAL1	50.97	67.30	-	-
LOC135195068	XP_064077508.1	O00423	EMAL1	50.97	67.30	-	-
LOC135195065	XP_064077509.1	Q13003	GRIK3	23.01	47.80	-	-
LOC135195068	XP_064077510.1	O00423	EMAL1	52.05	65.90	-	-
LOC135195068	XP_064077511.1	O00423	EMAL1	46.81	81.60	-	-
LOC135195068	XP_064077512.1	O00423	EMAL1	46.08	81.60	-	-
LOC135195068	XP_064077513.1	O00423	EMAL1	53.34	64.30	-	-
LOC135195069	XP_064077514.1	Q9BXR3	POK6	26.53	9.80	-	-
LOC135195070	XP_064077515.1	Q9BZK7	TBL1R	76.46	51.40	-	-
LOC135195072	XP_064077516.1	Q9H5I5	PIEZ2	33.08	100.00	-	-
LOC135195076	XP_064077518.1	Q9HCE3	ZN532	22.57	63.80	-	-
LOC135195074	XP_064077520.1	Q86VZ6	JAZF1	38.61	25.90	-	-
LOC135195078	XP_064077521.1	Q9H6E4	CC134	32.45	15.10	-	-
LOC135195079	XP_064077522.1	O00468	AGRIN	31.84	17.90	-	-
LOC135195080	XP_064077523.1	A2RRD8	ZN320	34.73	16.70	-	-
LOC135195080	XP_064077524.1	A2RRD8	ZN320	34.73	16.70	-	-
LOC135195080	XP_064077525.1	A2RRD8	ZN320	34.73	16.70	-	-
LOC135195080	XP_064077526.1	A2RRD8	ZN320	34.73	16.70	-	-
LOC135195080	XP_064077527.1	A2RRD8	ZN320	34.73	16.70	-	-
LOC135195081	XP_064077528.1	O75311	GLRA3	36.30	46.00	-	-
LOC135195081	XP_064077529.1	O75311	GLRA3	36.30	46.00	-	-
LOC135195081	XP_064077530.1	O75311	GLRA3	36.38	45.90	-	-
LOC135195082	XP_064077533.1	Q96JY0	MAEL	21.22	34.40	-	-
LOC135195086	XP_064077535.1	Q15269	PWP2	50.40	88.70	-	-
LOC135195087	XP_064077536.1	O75379	VAMP4	42.74	12.40	-	-
LOC135195087	XP_064077537.1	O75379	VAMP4	42.05	8.80	-	-
LOC135195091	XP_064077539.1	Q9UGU5	HMGX4	29.07	17.20	-	-
LOC135195091	XP_064077540.1	Q9UGU5	HMGX4	29.24	17.10	-	-
LOC135195094	XP_064077546.1	O00483	NDUA4	51.95	7.70	-	-
LOC135195104	XP_064077554.1	Q92766	RREB1	36.86	29.30	-	-
LOC135195104	XP_064077555.1	Q92766	RREB1	36.86	29.30	-	-
LOC135195104	XP_064077556.1	Q92766	RREB1	36.86	29.30	-	-
LOC135195104	XP_064077557.1	Q92766	RREB1	36.86	29.30	-	-
LOC135195104	XP_064077558.1	Q92766	RREB1	36.86	29.30	-	-
LOC135195103	XP_064077559.1	P35858	ALS	32.05	46.80	-	-
LOC135195160	XP_064077560.1	Q8WV22	NSE1	27.27	23.10	-	-
LOC135195160	XP_064077561.1	Q8WV22	NSE1	27.27	23.10	-	-
LOC135195160	XP_064077562.1	Q8WV22	NSE1	23.14	22.90	-	-
LOC135195196	XP_064077563.1	O43791	SPOP	79.68	37.40	-	-
LOC135195212	XP_064077564.1	Q8IV48	ERI1	47.10	25.90	-	-
LOC135195226	XP_064077565.1	Q13685	AAMP	41.30	36.80	-	-
LOC135195228	XP_064077566.1	Q9NPC4	A4GAT	29.25	21.20	-	-
LOC135195229	XP_064077567.1	Q9NPC4	A4GAT	29.93	27.40	-	-
LOC135195230	XP_064077568.1	Q9NPC4	A4GAT	28.18	22.00	-	-
LOC135195227	XP_064077569.1	Q01484	ANK2	28.48	46.00	-	-
LOC135195231	XP_064077570.1	Q9NPC4	A4GAT	31.30	11.50	-	-
LOC135195234	XP_064077572.1	Q9BQS2	SYT15	39.47	15.20	-	-
LOC135195236	XP_064077573.1	Q9H069	DRC3	33.89	29.80	-	-
LOC135195238	XP_064077576.1	Q3KR37	ASTRB	24.21	38.00	-	-
LOC135195243	XP_064077578.1	P54855	UDB15	35.13	25.90	-	-
LOC135195244	XP_064077579.1	P19224	UD16	35.00	26.00	-	-
LOC135195247	XP_064077581.1	P0DPD8	EFCE2	54.05	3.70	-	-
LOC135195248	XP_064077582.1	O00231	PSD11	36.72	33.50	-	-
LOC135195253	XP_064077585.1	O00370	LORF2	28.12	9.60	-	-
LOC135195258	XP_064077588.1	Q14592	ZN460	25.54	37.20	-	-
LOC135195261	XP_064077590.1	Q9NZ71	RTEL1	46.01	65.20	-	-
LOC135195262	XP_064077591.1	Q96DM1	PGBD4	29.64	25.30	-	-
LOC135195260	XP_064077593.1	Q9HBX8	LGR6	29.78	27.20	-	-
LOC135195249	XP_064077609.1	Q6P4I2	WDR73	22.34	37.60	-	-
LOC135195284	XP_064077613.1	P61371	ISL1	59.89	17.70	-	-
LOC135195285	XP_064077614.1	Q9UHA4	LTOR3	51.82	11.00	-	-
LOC135195286	XP_064077615.1	O43598	DNPH1	50.37	13.70	-	-
LOC135195290	XP_064077618.1	Q01085	TIAR	52.94	3.40	-	-
LOC135195288	XP_064077620.1	Q2TB10	ZN800	36.00	7.50	-	-
LOC135195294	XP_064077623.1	Q96MW7	TIGD1	44.58	16.60	-	-
LOC135195295	XP_064077624.1	Q8TBG4	AT2L1	48.85	13.10	-	-
LOC135195296	XP_064077625.1	Q8IUZ5	AT2L2	45.94	24.60	-	-
LOC135195288	XP_064077628.1	Q2TB10	ZN800	36.00	7.50	-	-
LOC135195299	XP_064077629.1	Q7L266	ASGL1	47.86	25.70	-	-
LOC135195300	XP_064077630.1	Q16134	ETFD	73.95	31.10	-	-
LOC135195301	XP_064077631.1	P62633	CNBP	36.70	10.90	-	-
LOC135195288	XP_064077634.1	Q2TB10	ZN800	36.00	7.50	-	-
LOC135195306	XP_064077637.1	Q9HAR2	AGRL3	26.23	71.30	-	-
LOC135195288	XP_064077638.1	Q2TB10	ZN800	36.00	7.50	-	-
LOC135195307	XP_064077639.1	O95803	NDST3	72.41	23.20	-	-
LOC135195309	XP_064077641.1	Q05586	NMDZ1	22.38	34.40	-	-
LOC135195311	XP_064077644.1	Q8WVE0	EFMT1	49.29	21.10	-	-
LOC135195314	XP_064077646.1	Q96MW7	TIGD1	48.09	42.00	-	-
LOC135195316	XP_064077648.1	Q3ZCU0	GVQW3	35.94	12.80	-	-
LOC135195311	XP_064077650.1	Q8WVE0	EFMT1	49.29	21.10	-	-
LOC135195319	XP_064077652.1	Q3ZCU0	GVQW3	36.30	13.50	-	-
LOC135195320	XP_064077653.1	Q5SVZ6	ZMYM1	23.19	26.30	-	-
LOC135195321	XP_064077654.1	O60500	NPHN	24.35	19.30	-	-
LOC135195323	XP_064077655.1	Q8N328	PGBD3	29.79	9.40	-	-
LOC135195326	XP_064077658.1	Q9UDY4	DNJB4	38.63	23.30	-	-
LOC135195329	XP_064077660.1	Q96MB7	HARB1	26.43	22.70	-	-
LOC135195332	XP_064077661.1	Q5SVZ6	ZMYM1	25.23	21.40	-	-
LOC135195335	XP_064077663.1	Q96MB7	HARB1	28.41	25.70	-	-
LOC135195336	XP_064077664.1	Q9P2P1	NYNRI	41.82	5.50	-	-
LOC135195333	XP_064077665.1	Q9BV90	SNR25	47.69	13.00	-	-
LOC135195333	XP_064077670.1	Q9BV90	SNR25	50.00	7.80	-	-
LOC135195342	XP_064077671.1	Q8TAS1	UHMK1	29.52	31.50	-	-
LOC135195343	XP_064077672.1	Q6P4F1	OFUT3	36.45	10.70	-	-
LOC135195347	XP_064077675.1	P13497	BMP1	26.29	36.90	-	-
LOC135195348	XP_064077676.1	Q9HCI5	MAGE1	35.22	24.70	-	-
LOC135195349	XP_064077677.1	O43897	TLL1	27.89	35.50	-	-
LOC135195346	XP_064077678.1	Q8TDJ6	DMXL2	39.05	100.00	-	-
LOC135195352	XP_064077681.1	Q9NPC4	A4GAT	31.75	27.40	-	-
LOC135195353	XP_064077682.1	P25391	LAMA1	20.78	51.00	-	-
LOC135195346	XP_064077683.1	Q8TDJ6	DMXL2	39.05	100.00	-	-
LOC135195356	XP_064077686.1	B3KS81	SRRM5	30.10	19.60	-	-
LOC135195357	XP_064077687.1	Q13002	GRIK2	25.16	48.50	-	-
LOC135195360	XP_064077690.1	Q6ZNG9	KRBA2	48.80	16.60	-	-
LOC135195346	XP_064077691.1	Q8TDJ6	DMXL2	39.04	100.00	-	-
LOC135195361	XP_064077692.1	Q6UX04	CWC27	75.84	17.80	-	-
LOC135195337	XP_064077694.1	Q9NQ69	LHX9	47.56	30.70	-	-
LOC135195364	XP_064077695.1	Q9Y5V3	MAGD1	28.85	10.40	-	-
LOC135195346	XP_064077697.1	Q8TDJ6	DMXL2	38.97	100.00	-	-
LOC135195367	XP_064077698.1	Q3ZCU0	GVQW3	35.38	13.00	-	-
LOC135195377	XP_064077707.1	Q05586	NMDZ1	24.33	41.10	-	-
LOC135195379	XP_064077709.1	O60683	PEX10	32.34	20.10	-	-
LOC135195383	XP_064077712.1	Q6NYC1	JMJD6	24.40	25.00	-	-
LOC135195386	XP_064077713.1	Q9P2P1	NYNRI	23.99	34.60	-	-
LOC135195387	XP_064077714.1	Q96MW7	TIGD1	38.32	21.40	-	-
LOC135195388	XP_064077715.1	Q96MW7	TIGD1	38.17	33.80	-	-
LOC135195389	XP_064077716.1	A6NKG5	RTL1	25.00	10.80	-	-
LOC135195390	XP_064077717.1	Q9WJR5	POK19	27.38	8.40	-	-
LOC135195392	XP_064077719.1	Q9ULB5	CADH7	29.46	48.20	-	-
LOC135195396	XP_064077722.1	Q9NXP7	GIN1	32.11	10.90	-	-
LOC135195397	XP_064077724.1	Q96MB7	HARB1	22.56	16.40	-	-
LOC135195400	XP_064077726.1	O75953	DNJB5	35.12	24.20	-	-
LOC135195402	XP_064077728.1	Q504Q3	PAN2	45.62	21.70	-	-
LOC135195405	XP_064077729.1	Q8IZL9	CDK20	60.49	32.90	-	-
LOC135195408	XP_064077731.1	P12644	BMP4	27.22	36.00	-	-
LOC135195409	XP_064077732.1	Q15528	MED22	61.91	12.60	-	-
LOC135195411	XP_064077733.1	Q9UJ55	MAGL2	36.34	35.50	-	-
LOC135195412	XP_064077734.1	P61204	ARF3	50.56	17.80	-	-
LOC135195412	XP_064077735.1	P61204	ARF3	49.61	12.70	-	-
LOC135195416	XP_064077736.1	Q8NET6	CHSTD	27.37	28.50	-	-
LOC135195423	XP_064077740.1	O95789	ZMYM6	21.22	34.40	-	-
LOC135195427	XP_064077743.1	Q4LDE5	SVEP1	25.00	25.20	-	-
LOC135195428	XP_064077744.1	P02675	FIBB	25.44	16.90	-	-
LOC135195430	XP_064077745.1	Q96QV6	H2A1A	91.80	12.20	-	-
LOC135195337	XP_064077749.1	Q9NQ69	LHX9	48.34	30.20	-	-
LOC135195437	XP_064077751.1	O75325	LRRN2	28.52	58.20	-	-
LOC135195441	XP_064077752.1	Q13464	ROCK1	71.63	35.60	-	-
LOC135195444	XP_064077753.1	Q9NPC4	A4GAT	30.66	27.40	-	-
LOC135195445	XP_064077754.1	Q9NPC4	A4GAT	31.53	22.20	-	-
LOC135195449	XP_064077755.1	P03952	KLKB1	41.42	23.90	-	-
LOC135195449	XP_064077756.1	P03952	KLKB1	41.42	23.90	-	-
LOC135195449	XP_064077757.1	P03952	KLKB1	41.42	23.90	-	-
LOC135195449	XP_064077758.1	P03952	KLKB1	41.42	23.90	-	-
LOC135195476	XP_064077765.1	Q9ULK0	GRID1	29.96	22.70	-	-
LOC135195478	XP_064077767.1	O60683	PEX10	31.90	23.20	-	-
LOC135195487	XP_064077769.1	O60784	TOM1	52.69	9.30	-	-
LOC135195488	XP_064077770.1	P35240	MERL	56.82	62.30	-	-
LOC135195489	XP_064077771.1	Q14028	CNGB1	42.68	56.70	-	-
LOC135195490	XP_064077773.1	O95630	STABP	44.90	46.10	-	-
LOC135195490	XP_064077774.1	O95630	STABP	44.90	46.10	-	-
LOC135195490	XP_064077775.1	O95630	STABP	44.81	42.40	-	-
LOC135195491	XP_064077776.1	O60784	TOM1	37.74	53.00	-	-
LOC135195492	XP_064077777.1	Q9P241	AT10D	42.47	100.00	-	-
LOC135195492	XP_064077778.1	Q9P241	AT10D	42.47	100.00	-	-
LOC135195492	XP_064077779.1	Q9P241	AT10D	42.47	100.00	-	-
LOC135195493	XP_064077780.1	Q5HYA8	MKS3	38.67	88.70	-	-
LOC135195494	XP_064077785.1	Q8N328	PGBD3	29.31	11.60	-	-
LOC135195497	XP_064077787.1	P13804	ETFA	73.57	31.40	-	-
LOC135195498	XP_064077788.1	O00764	PDXK	50.33	30.40	-	-
LOC135195498	XP_064077789.1	O00764	PDXK	50.33	30.40	-	-
LOC135195498	XP_064077790.1	O00764	PDXK	50.33	30.40	-	-
LOC135195498	XP_064077791.1	O00764	PDXK	50.33	30.40	-	-
LOC135195499	XP_064077792.1	Q9NZL4	HPBP1	34.38	32.00	-	-
LOC135195502	XP_064077794.1	Q68DU8	KCD16	44.20	27.60	-	-
LOC135195503	XP_064077795.1	Q8IVL8	CBPO	38.40	23.70	-	-
LOC135195503	XP_064077796.1	Q8IVL8	CBPO	38.40	23.70	-	-
LOC135195503	XP_064077797.1	Q8IVL8	CBPO	38.40	23.70	-	-
LOC135195501	XP_064077798.1	Q9Y3C7	MED31	76.36	11.00	-	-
LOC135195504	XP_064077799.1	Q9BVK6	TMED9	74.15	20.50	-	-
LOC135195505	XP_064077800.1	Q8IWX8	CHERP	36.20	22.10	-	-
LOC135195506	XP_064077801.1	P78563	RED1	35.44	20.60	-	-
LOC135195337	XP_064077802.1	Q9NQ69	LHX9	48.68	30.40	-	-
LOC135195506	XP_064077803.1	P78563	RED1	35.44	20.60	-	-
LOC135195506	XP_064077804.1	P78563	RED1	35.44	20.60	-	-
LOC135195506	XP_064077805.1	P78563	RED1	35.44	20.60	-	-
LOC135195507	XP_064077806.1	P55011	S12A2	51.60	65.50	-	-
LOC135195508	XP_064077807.1	P55011	S12A2	49.33	74.20	-	-
LOC135195510	XP_064077808.1	Q9BSH4	TACO1	35.77	24.60	-	-
LOC135195510	XP_064077809.1	Q9BSH4	TACO1	35.77	24.60	-	-
LOC135195510	XP_064077810.1	Q9BSH4	TACO1	35.77	24.60	-	-
LOC135195511	XP_064077811.1	Q86WZ6	ZN227	33.82	27.50	-	-
LOC135195512	XP_064077812.1	Q8IV33	K0825	23.85	32.70	-	-
LOC135195512	XP_064077813.1	Q8IV33	K0825	23.85	32.70	-	-
LOC135195512	XP_064077814.1	Q8IV33	K0825	23.14	37.60	-	-
LOC135195512	XP_064077815.1	Q8IV33	K0825	24.11	36.50	-	-
LOC135195512	XP_064077816.1	Q8IV33	K0825	24.13	31.50	-	-
LOC135195513	XP_064077817.1	Q16595	FRDA	49.62	13.30	-	-
LOC135195513	XP_064077818.1	Q16595	FRDA	49.62	13.30	-	-
LOC135195516	XP_064077821.1	Q9Y490	TLN1	48.61	100.00	-	-
LOC135195516	XP_064077822.1	Q9Y490	TLN1	48.61	100.00	-	-
LOC135195516	XP_064077823.1	Q9Y490	TLN1	48.61	100.00	-	-
LOC135195517	XP_064077824.1	Q86TS9	RM52	25.53	9.40	-	-
LOC135195517	XP_064077825.1	Q86TS9	RM52	25.53	9.40	-	-
LOC135195519	XP_064077827.1	P06213	INSR	28.47	87.10	-	-
LOC135195520	XP_064077828.1	Q9BWW4	SSBP3	50.64	46.60	-	-
LOC135195521	XP_064077829.1	Q14703	MBTP1	65.17	91.00	-	-
LOC135195521	XP_064077830.1	Q14703	MBTP1	65.17	91.00	-	-
LOC135195521	XP_064077831.1	Q14703	MBTP1	65.17	91.00	-	-
LOC135195523	XP_064077832.1	Q9UKV5	AMFR	41.31	68.50	-	-
LOC135195524	XP_064077833.1	Q7Z410	TMPS9	28.79	32.30	-	-
LOC135195524	XP_064077834.1	Q7Z410	TMPS9	28.79	32.30	-	-
LOC135195524	XP_064077836.1	Q7Z410	TMPS9	28.79	32.30	-	-
LOC135195525	XP_064077837.1	Q8NBP5	MFSD9	36.19	40.90	-	-
LOC135195525	XP_064077838.1	Q8NBP5	MFSD9	36.19	40.90	-	-
LOC135195525	XP_064077839.1	Q8NBP5	MFSD9	36.67	40.90	-	-
LOC135195525	XP_064077840.1	Q8NBP5	MFSD9	34.09	35.50	-	-
LOC135195525	XP_064077841.1	Q8NBP5	MFSD9	35.68	39.80	-	-
LOC135195526	XP_064077842.1	P49902	5NTC	58.24	54.60	-	-
LOC135195527	XP_064077843.1	P28223	5HT2A	23.86	35.20	-	-
LOC135195530	XP_064077845.1	Q02978	M2OM	73.15	29.80	-	-
LOC135195531	XP_064077846.1	Q9Y3A6	TMED5	26.73	20.20	-	-
LOC135195532	XP_064077848.1	P04406	G3P	73.39	32.70	-	-
LOC135195532	XP_064077849.1	P04406	G3P	73.39	32.70	-	-
LOC135195532	XP_064077850.1	P04406	G3P	73.39	32.70	-	-
LOC135195533	XP_064077851.1	A8TX70	CO6A5	30.54	16.70	-	-
LOC135195534	XP_064077855.1	Q9H8M7	MINY3	39.83	47.20	-	-
LOC135195537	XP_064077858.1	O15040	TCPR2	27.29	64.50	-	-
LOC135195538	XP_064077859.1	B7ZAQ6	GPHRA	61.20	45.10	-	-
LOC135195539	XP_064077861.1	P55011	S12A2	47.52	14.10	-	-
LOC135195540	XP_064077862.1	P55011	S12A2	48.23	14.10	-	-
LOC135195541	XP_064077863.1	Q495T6	MMEL1	33.95	10.90	-	-
LOC135195541	XP_064077864.1	Q495T6	MMEL1	33.95	10.90	-	-
LOC135195541	XP_064077865.1	Q495T6	MMEL1	33.95	10.90	-	-
LOC135195542	XP_064077866.1	Q9Y5B0	CTDP1	34.13	71.20	-	-
LOC135195542	XP_064077867.1	Q9Y5B0	CTDP1	33.85	71.20	-	-
LOC135195542	XP_064077868.1	Q9Y5B0	CTDP1	34.27	71.20	-	-
LOC135195542	XP_064077869.1	Q9Y5B0	CTDP1	34.32	71.10	-	-
LOC135195544	XP_064077870.1	O00411	RPOM	39.68	100.00	-	-
LOC135195548	XP_064077875.1	Q495T6	MMEL1	23.36	77.90	-	-
LOC135195549	XP_064077876.1	Q92870	APBB2	40.60	46.80	-	-
LOC135195549	XP_064077877.1	Q92870	APBB2	40.60	46.80	-	-
LOC135195549	XP_064077878.1	Q92870	APBB2	40.60	46.80	-	-
LOC135195549	XP_064077879.1	Q92870	APBB2	40.60	46.80	-	-
LOC135195549	XP_064077880.1	Q92870	APBB2	40.60	46.80	-	-
LOC135195549	XP_064077881.1	Q92870	APBB2	40.82	46.30	-	-
LOC135195549	XP_064077882.1	Q92870	APBB2	40.60	46.80	-	-
LOC135195550	XP_064077883.1	P52888	THOP1	54.69	65.10	-	-
LOC135195337	XP_064077884.1	Q9NQ69	LHX9	48.51	30.10	-	-
LOC135195551	XP_064077885.1	Q99598	TSNAX	39.31	26.20	-	-
LOC135195551	XP_064077886.1	Q99598	TSNAX	39.31	26.20	-	-
LOC135195551	XP_064077887.1	Q99598	TSNAX	39.31	26.20	-	-
LOC135195553	XP_064077889.1	Q9P0P0	RN181	40.13	15.70	-	-
LOC135195553	XP_064077890.1	Q9P0P0	RN181	40.13	15.70	-	-
LOC135195553	XP_064077891.1	Q9P0P0	RN181	40.13	15.70	-	-
LOC135195553	XP_064077892.1	Q9P0P0	RN181	40.13	15.70	-	-
LOC135195553	XP_064077893.1	Q9P0P0	RN181	40.13	15.70	-	-
LOC135195555	XP_064077894.1	P61204	ARF3	54.49	17.80	-	-
LOC135195555	XP_064077895.1	P61204	ARF3	58.19	17.70	-	-
LOC135195556	XP_064077896.1	P58872	RHBL3	44.97	29.80	-	-
LOC135195557	XP_064077898.1	Q9NZL6	RGL1	38.20	74.60	-	-
LOC135195557	XP_064077899.1	Q9NZL6	RGL1	38.20	74.60	-	-
LOC135195557	XP_064077900.1	Q9NZL6	RGL1	38.47	74.60	-	-
LOC135195557	XP_064077901.1	Q9NZL6	RGL1	38.47	74.60	-	-
LOC135195557	XP_064077902.1	Q9NZL6	RGL1	38.47	74.60	-	-
LOC135195557	XP_064077903.1	Q9NZL6	RGL1	38.47	74.60	-	-
LOC135195557	XP_064077904.1	Q9NZL6	RGL1	38.20	74.60	-	-
LOC135195559	XP_064077907.1	P43246	MSH2	55.36	91.40	-	-
LOC135195561	XP_064077908.1	Q9UPN4	CP131	33.15	36.20	-	-
LOC135195561	XP_064077909.1	Q9UPN4	CP131	33.15	36.20	-	-
LOC135195562	XP_064077910.1	A0FGR8	ESYT2	32.34	16.70	-	-
LOC135195562	XP_064077912.1	A0FGR8	ESYT2	32.93	16.70	-	-
LOC135195564	XP_064077913.1	Q9BYI3	HYCCI	31.75	27.40	-	-
LOC135195565	XP_064077914.1	Q7RTS6	OTOP2	29.36	10.90	-	-
LOC135195565	XP_064077915.1	Q7RTS6	OTOP2	29.36	10.90	-	-
LOC135195565	XP_064077916.1	Q7RTS6	OTOP2	29.36	10.90	-	-
LOC135195565	XP_064077917.1	Q7RTS5	OTOP3	21.14	31.70	-	-
LOC135195565	XP_064077918.1	Q7RTS6	OTOP2	29.36	10.90	-	-
LOC135195565	XP_064077919.1	Q7RTS5	OTOP3	21.14	31.70	-	-
LOC135195565	XP_064077920.1	Q7RTS6	OTOP2	29.36	10.90	-	-
LOC135195565	XP_064077921.1	Q7RTS5	OTOP3	21.14	31.70	-	-
LOC135195568	XP_064077931.1	Q9NZ71	RTEL1	41.46	100.00	-	-
LOC135195571	XP_064077933.1	Q86W26	NAL10	29.31	17.40	-	-
LOC135195571	XP_064077934.1	Q86W26	NAL10	29.31	17.40	-	-
LOC135195571	XP_064077935.1	Q86W26	NAL10	30.68	17.60	-	-
LOC135195571	XP_064077937.1	Q86W26	NAL10	29.31	17.40	-	-
LOC135195571	XP_064077938.1	Q86W26	NAL10	30.68	17.60	-	-
LOC135195571	XP_064077939.1	Q86W26	NAL10	30.68	17.60	-	-
LOC135195571	XP_064077940.1	Q86W26	NAL10	30.68	17.60	-	-
LOC135195571	XP_064077941.1	Q86W26	NAL10	30.68	17.60	-	-
LOC135195573	XP_064077943.1	P16444	DPEP1	46.32	38.00	-	-
LOC135195575	XP_064077946.1	P20309	ACM3	27.06	52.10	-	-
LOC135195576	XP_064077947.1	Q6P2H8	TMM53	33.87	25.10	-	-
LOC135195581	XP_064077955.1	Q7L8J4	3BP5L	45.82	29.90	-	-
LOC135195581	XP_064077956.1	Q7L8J4	3BP5L	49.82	27.70	-	-
LOC135195581	XP_064077957.1	O60239	3BP5	37.00	27.30	-	-
LOC135195584	XP_064077958.1	Q9UBP9	GULP1	49.27	27.20	-	-
LOC135195584	XP_064077959.1	Q9UBP9	GULP1	51.20	25.00	-	-
LOC135195584	XP_064077960.1	Q9UBP9	GULP1	49.27	27.20	-	-
LOC135195584	XP_064077961.1	Q9UBP9	GULP1	49.27	27.20	-	-
LOC135195584	XP_064077962.1	Q9UBP9	GULP1	49.27	27.20	-	-
LOC135195584	XP_064077963.1	Q9UBP9	GULP1	49.27	27.20	-	-
LOC135195337	XP_064077964.1	Q9NQ69	LHX9	49.32	29.60	-	-
LOC135195584	XP_064077965.1	Q9UBP9	GULP1	49.27	27.20	-	-
LOC135195584	XP_064077966.1	Q9UBP9	GULP1	49.27	27.20	-	-
LOC135195584	XP_064077967.1	Q9UBP9	GULP1	49.27	27.20	-	-
LOC135195584	XP_064077968.1	Q9UBP9	GULP1	49.27	27.20	-	-
LOC135195584	XP_064077969.1	Q9UBP9	GULP1	49.27	27.20	-	-
LOC135195584	XP_064077970.1	Q9UBP9	GULP1	49.81	27.10	-	-
LOC135195584	XP_064077971.1	Q9UBP9	GULP1	49.81	27.10	-	-
LOC135195584	XP_064077972.1	Q9UBP9	GULP1	49.27	27.20	-	-
LOC135195588	XP_064077973.1	Q9Y2Q0	AT8A1	56.42	100.00	-	-
LOC135195588	XP_064077974.1	Q9Y2Q0	AT8A1	57.42	100.00	-	-
LOC135195588	XP_064077975.1	Q9Y2Q0	AT8A1	57.77	100.00	-	-
LOC135195588	XP_064077976.1	Q9Y2Q0	AT8A1	56.42	100.00	-	-
LOC135195591	XP_064077977.1	Q969H0	FBXW7	69.22	56.20	-	-
LOC135195592	XP_064077978.1	P28472	GBRB3	27.98	36.10	-	-
LOC135195593	XP_064077979.1	P61371	ISL1	56.98	34.40	-	-
LOC135195593	XP_064077980.1	P61371	ISL1	57.48	34.10	-	-
LOC135195593	XP_064077981.1	P61371	ISL1	58.16	33.70	-	-
LOC135195593	XP_064077982.1	P61371	ISL1	58.51	33.50	-	-
LOC135195593	XP_064077983.1	P61371	ISL1	56.98	34.40	-	-
LOC135195595	XP_064077984.1	Q9UBF8	PI4KB	50.61	82.00	-	-
LOC135195595	XP_064077985.1	Q9UBF8	PI4KB	50.61	82.00	-	-
LOC135195595	XP_064077986.1	Q9UBF8	PI4KB	50.61	82.00	-	-
LOC135195595	XP_064077987.1	Q9UBF8	PI4KB	50.61	82.00	-	-
LOC135195595	XP_064077988.1	Q9UBF8	PI4KB	50.61	82.00	-	-
LOC135195596	XP_064077989.1	O75367	H2AY	53.85	40.30	-	-
LOC135195597	XP_064077990.1	Q8NI22	MCFD2	43.75	11.20	-	-
LOC135195599	XP_064077991.1	Q15131	CDK10	68.02	19.70	-	-
LOC135195601	XP_064077993.1	Q15131	CDK10	73.39	12.40	-	-
LOC135195601	XP_064077994.1	Q15131	CDK10	73.39	12.40	-	-
LOC135195601	XP_064077995.1	Q15131	CDK10	73.39	12.40	-	-
LOC135195601	XP_064077996.1	Q15131	CDK10	73.39	12.40	-	-
LOC135195601	XP_064077997.1	Q15131	CDK10	73.39	12.40	-	-
LOC135195602	XP_064077998.1	P25787	PSA2	79.43	17.50	-	-
LOC135195604	XP_064077999.1	Q9P121	NTRI	29.17	31.20	-	-
LOC135195604	XP_064078000.1	Q9P121	NTRI	29.22	30.80	-	-
LOC135195606	XP_064078001.1	Q13595	TRA2A	72.17	11.50	-	-
LOC135195606	XP_064078002.1	Q13595	TRA2A	72.41	11.60	-	-
LOC135195606	XP_064078003.1	Q13595	TRA2A	72.17	11.50	-	-
LOC135195606	XP_064078004.1	Q13595	TRA2A	71.30	10.80	-	-
LOC135195609	XP_064078005.1	O43598	DNPH1	53.24	13.90	-	-
LOC135195610	XP_064078006.1	Q9UHA4	LTOR3	50.81	12.40	-	-
LOC135195610	XP_064078007.1	Q9UHA4	LTOR3	50.83	12.00	-	-
LOC135195613	XP_064078013.1	Q9NPE2	NGRN	27.59	11.60	-	-
LOC135195613	XP_064078014.1	Q9NPE2	NGRN	27.59	11.60	-	-
LOC135195613	XP_064078015.1	Q9NPE2	NGRN	27.59	11.60	-	-
LOC135195614	XP_064078016.1	Q96HY6	DDRGK	57.03	12.80	-	-
LOC135195615	XP_064078017.1	Q5M8T2	S35D3	31.09	31.20	-	-
LOC135195615	XP_064078018.1	Q5M8T2	S35D3	30.43	27.60	-	-
LOC135195615	XP_064078019.1	Q5M8T2	S35D3	31.09	31.20	-	-
LOC135195615	XP_064078020.1	Q5M8T2	S35D3	31.09	31.20	-	-
LOC135195615	XP_064078021.1	Q5M8T2	S35D3	31.09	31.20	-	-
LOC135195615	XP_064078022.1	Q5M8T2	S35D3	31.09	31.20	-	-
LOC135195615	XP_064078023.1	Q5M8T2	S35D3	31.92	26.00	-	-
LOC135195615	XP_064078024.1	Q5M8T2	S35D3	31.92	26.00	-	-
LOC135195617	XP_064078025.1	P31483	TIA1	48.52	23.70	-	-
LOC135195617	XP_064078026.1	P31483	TIA1	50.44	22.80	-	-
LOC135195617	XP_064078027.1	P31483	TIA1	48.52	23.70	-	-
LOC135195618	XP_064078028.1	Q6ZSM3	MOT12	34.69	22.20	-	-
LOC135195620	XP_064078029.1	O00337	S28A1	44.11	50.10	-	-
LOC135195621	XP_064078030.1	Q6IPM2	IQCE	41.22	13.10	-	-
LOC135195621	XP_064078031.1	Q6IPM2	IQCE	41.22	13.10	-	-
LOC135195621	XP_064078032.1	Q6IPM2	IQCE	41.22	13.10	-	-
LOC135195621	XP_064078033.1	Q6IPM2	IQCE	41.22	13.10	-	-
LOC135195621	XP_064078034.1	Q6IPM2	IQCE	41.22	13.10	-	-
LOC135195621	XP_064078035.1	Q6IPM2	IQCE	41.22	13.10	-	-
LOC135195621	XP_064078036.1	Q6IPM2	IQCE	41.22	13.10	-	-
LOC135195622	XP_064078037.1	Q9NUQ9	CYRIB	57.23	33.20	-	-
LOC135195624	XP_064078038.1	O75762	TRPA1	21.01	73.30	-	-
LOC135195626	XP_064078039.1	Q16658	FSCN1	39.72	50.10	-	-
LOC135195626	XP_064078040.1	Q16658	FSCN1	39.72	50.10	-	-
LOC135195626	XP_064078041.1	Q16658	FSCN1	39.72	50.10	-	-
LOC135195629	XP_064078042.1	Q8N6R0	EFNMT	46.58	65.70	-	-
LOC135195630	XP_064078043.1	Q99081	HTF4	41.95	41.00	-	-
LOC135195630	XP_064078044.1	Q99081	HTF4	42.20	41.00	-	-
LOC135195630	XP_064078045.1	P15923	TFE2	41.23	34.20	-	-
LOC135195630	XP_064078046.1	P15923	TFE2	41.81	34.20	-	-
LOC135195630	XP_064078047.1	Q99081	HTF4	41.55	41.40	-	-
LOC135195630	XP_064078048.1	Q99081	HTF4	42.97	39.80	-	-
LOC135195630	XP_064078049.1	Q99081	HTF4	38.33	42.00	-	-
LOC135195630	XP_064078050.1	Q99081	HTF4	39.38	41.90	-	-
LOC135195630	XP_064078051.1	Q99081	HTF4	39.56	41.20	-	-
LOC135195630	XP_064078052.1	Q99081	HTF4	40.63	41.10	-	-
LOC135195630	XP_064078053.1	Q99081	HTF4	40.63	41.10	-	-
LOC135195630	XP_064078054.1	Q99081	HTF4	40.63	41.10	-	-
LOC135195630	XP_064078055.1	Q99081	HTF4	37.80	41.00	-	-
LOC135195630	XP_064078056.1	Q99081	HTF4	40.83	40.90	-	-
LOC135195630	XP_064078057.1	Q99081	HTF4	41.49	41.70	-	-
LOC135195630	XP_064078058.1	Q99081	HTF4	40.83	40.90	-	-
LOC135195630	XP_064078059.1	Q99081	HTF4	41.55	41.40	-	-
LOC135195630	XP_064078060.1	Q99081	HTF4	40.83	40.90	-	-
LOC135195630	XP_064078061.1	Q99081	HTF4	37.55	52.20	-	-
LOC135195635	XP_064078062.1	P55011	S12A2	47.26	100.00	-	-
LOC135195635	XP_064078063.1	P55011	S12A2	47.26	100.00	-	-
LOC135195636	XP_064078064.1	Q16881	TRXR1	58.98	60.70	-	-
LOC135195638	XP_064078065.1	O75382	TRIM3	37.00	27.30	-	-
LOC135195638	XP_064078066.1	O75382	TRIM3	37.00	27.30	-	-
LOC135195638	XP_064078067.1	O75382	TRIM3	37.00	27.30	-	-
LOC135195639	XP_064078068.1	P14618	KPYM	65.05	51.50	-	-
LOC135195639	XP_064078069.1	P14618	KPYM	65.05	51.50	-	-
LOC135195639	XP_064078070.1	P14618	KPYM	65.36	51.10	-	-
LOC135195639	XP_064078071.1	P14618	KPYM	64.99	51.70	-	-
LOC135195639	XP_064078072.1	P14618	KPYM	65.05	51.50	-	-
LOC135195639	XP_064078073.1	P14618	KPYM	65.05	51.50	-	-
LOC135195639	XP_064078074.1	P14618	KPYM	65.05	51.50	-	-
LOC135195639	XP_064078075.1	P14618	KPYM	64.99	51.70	-	-
LOC135195642	XP_064078076.1	Q16134	ETFD	70.52	40.70	-	-
LOC135195644	XP_064078077.1	Q8N8Q9	NIPA2	43.05	29.50	-	-
LOC135195644	XP_064078078.1	Q8N8Q9	NIPA2	43.05	29.50	-	-
LOC135195644	XP_064078079.1	Q8N8Q9	NIPA2	43.05	29.50	-	-
LOC135195644	XP_064078080.1	Q8N8Q9	NIPA2	43.05	29.50	-	-
LOC135195627	XP_064078081.1	Q9NQ69	LHX9	48.05	33.30	-	-
LOC135195644	XP_064078082.1	Q8N8Q9	NIPA2	43.05	29.50	-	-
LOC135195644	XP_064078083.1	Q8N8Q9	NIPA2	43.05	29.50	-	-
LOC135195644	XP_064078084.1	Q8N8Q9	NIPA2	43.05	29.50	-	-
LOC135195644	XP_064078085.1	Q8N8Q9	NIPA2	43.05	29.50	-	-
LOC135195644	XP_064078086.1	Q8N8Q9	NIPA2	43.05	29.50	-	-
LOC135195644	XP_064078087.1	Q8N8Q9	NIPA2	43.05	29.50	-	-
LOC135195646	XP_064078088.1	P08582	TRFM	31.73	72.80	-	-
LOC135195647	XP_064078089.1	Q9UGI8	TES	49.25	19.90	-	-
LOC135195647	XP_064078090.1	Q9UGI8	TES	49.25	19.90	-	-
LOC135195647	XP_064078091.1	Q9UGI8	TES	49.25	19.90	-	-
LOC135195648	XP_064078092.1	Q12946	FOXF1	85.09	11.40	-	-
LOC135195652	XP_064078094.1	Q96AE7	TTC17	49.80	24.90	-	-
LOC135195653	XP_064078095.1	Q96HJ9	FMC1	41.18	10.20	-	-
LOC135195655	XP_064078096.1	Q9UBD6	RHCG	30.60	45.10	-	-
LOC135195658	XP_064078098.1	Q969V3	NCLN	47.43	42.80	-	-
LOC135195660	XP_064078099.1	P16444	DPEP1	44.63	36.30	-	-
LOC135195660	XP_064078100.1	P16444	DPEP1	44.63	36.30	-	-
LOC135195660	XP_064078101.1	P16444	DPEP1	44.63	36.30	-	-
LOC135195660	XP_064078102.1	P16444	DPEP1	35.79	36.60	-	-
LOC135195661	XP_064078103.1	Q9UJK0	TSR3	53.81	19.70	-	-
LOC135195661	XP_064078104.1	Q9UJK0	TSR3	53.81	19.70	-	-
LOC135195665	XP_064078108.1	Q9BSW2	EFC4B	43.75	19.20	-	-
LOC135195665	XP_064078109.1	Q9BSW2	EFC4B	43.75	19.20	-	-
LOC135195665	XP_064078110.1	Q9BSW2	EFC4B	43.75	19.20	-	-
LOC135195665	XP_064078111.1	Q9BSW2	EFC4B	43.75	19.20	-	-
LOC135195665	XP_064078112.1	Q9BSW2	EFC4B	43.75	19.20	-	-
LOC135195668	XP_064078119.1	O95803	NDST3	62.71	53.10	-	-
LOC135195669	XP_064078120.1	P25208	NFYB	52.46	18.30	-	-
LOC135195669	XP_064078121.1	P25208	NFYB	52.46	18.30	-	-
LOC135195669	XP_064078122.1	P25208	NFYB	52.46	18.30	-	-
LOC135195669	XP_064078123.1	P25208	NFYB	52.46	18.30	-	-
LOC135195669	XP_064078124.1	P25208	NFYB	52.46	18.30	-	-
LOC135195669	XP_064078125.1	P25208	NFYB	52.46	18.30	-	-
LOC135195669	XP_064078126.1	P25208	NFYB	53.93	17.80	-	-
LOC135195672	XP_064078127.1	O15245	S22A1	26.96	23.00	-	-
LOC135195672	XP_064078128.1	O15245	S22A1	26.96	23.00	-	-
LOC135195672	XP_064078129.1	O15245	S22A1	27.07	22.90	-	-
LOC135195673	XP_064078130.1	Q13185	CBX3	58.38	16.10	-	-
LOC135195673	XP_064078131.1	Q13185	CBX3	58.38	16.10	-	-
LOC135195673	XP_064078132.1	Q13185	CBX3	58.38	16.10	-	-
LOC135195673	XP_064078133.1	Q13185	CBX3	58.38	16.10	-	-
LOC135195675	XP_064078134.1	P30838	AL3A1	53.17	44.20	-	-
LOC135195675	XP_064078135.1	P30838	AL3A1	53.41	44.00	-	-
LOC135195676	XP_064078136.1	Q08379	GOGA2	28.53	96.40	-	-
LOC135195677	XP_064078137.1	P49802	RGS7	60.70	45.80	-	-
LOC135195679	XP_064078138.1	Q495T6	MMEL1	29.28	74.80	-	-
LOC135195680	XP_064078139.1	Q9P121	NTRI	26.70	23.60	-	-
LOC135195680	XP_064078140.1	Q9P121	NTRI	26.70	23.60	-	-
LOC135195680	XP_064078141.1	Q9P121	NTRI	26.70	23.60	-	-
LOC135195680	XP_064078142.1	Q9P121	NTRI	26.70	23.60	-	-
LOC135195685	XP_064078145.1	Q5VVJ2	MYSM1	38.63	36.50	-	-
LOC135195686	XP_064078146.1	Q5VZI3	TM268	24.15	32.30	-	-
LOC135195686	XP_064078147.1	Q5VZI3	TM268	24.15	32.30	-	-
LOC135195686	XP_064078148.1	Q5VZI3	TM268	24.15	32.30	-	-
LOC135195686	XP_064078149.1	Q5VZI3	TM268	24.15	32.30	-	-
LOC135195686	XP_064078150.1	Q5VZI3	TM268	24.15	32.30	-	-
LOC135195686	XP_064078151.1	Q5VZI3	TM268	24.15	32.30	-	-
LOC135195687	XP_064078152.1	Q99627	CSN8	48.26	20.10	-	-
LOC135195688	XP_064078153.1	Q92626	PXDN	46.18	100.00	-	-
LOC135195627	XP_064078154.1	Q9NQ69	LHX9	44.41	32.20	-	-
LOC135195699	XP_064078168.1	P62306	RUXF	80.56	7.20	-	-
LOC135195697	XP_064078170.1	P51532	SMCA4	57.50	28.00	-	-
LOC135195701	XP_064078171.1	Q8WZ42	TITIN	25.11	46.60	-	-
LOC135195704	XP_064078173.1	P51689	ARSD	41.40	57.00	-	-
LOC135195704	XP_064078174.1	P51689	ARSD	41.40	57.00	-	-
LOC135195704	XP_064078175.1	P51689	ARSD	41.40	57.00	-	-
LOC135195704	XP_064078176.1	P51689	ARSD	41.40	57.00	-	-
LOC135195704	XP_064078177.1	Q5FYA8	ARSH	42.82	41.10	-	-
LOC135195705	XP_064078178.1	Q9UPT8	ZC3H4	44.86	10.70	-	-
LOC135195707	XP_064078179.1	O00337	S28A1	42.83	53.00	-	-
LOC135195708	XP_064078180.1	Q9H867	MT21D	47.62	21.00	-	-
LOC135195706	XP_064078181.1	Q6ZU65	UBN2	38.52	12.20	-	-
LOC135195710	XP_064078182.1	Q96K31	CH076	21.57	40.80	-	-
LOC135195710	XP_064078183.1	Q96K31	CH076	21.57	40.80	-	-
LOC135195710	XP_064078184.1	Q96K31	CH076	21.57	40.80	-	-
LOC135195711	XP_064078185.1	Q5M8T2	S35D3	31.02	30.30	-	-
LOC135195711	XP_064078186.1	Q5M8T2	S35D3	31.02	30.30	-	-
LOC135195712	XP_064078187.1	Q9NTJ4	MA2C1	45.27	100.00	-	-
LOC135195712	XP_064078188.1	Q9NTJ4	MA2C1	45.27	100.00	-	-
LOC135195712	XP_064078189.1	Q9NTJ4	MA2C1	45.27	100.00	-	-
LOC135195712	XP_064078190.1	Q9NTJ4	MA2C1	45.27	100.00	-	-
LOC135195712	XP_064078191.1	Q9NTJ4	MA2C1	45.27	100.00	-	-
LOC135195712	XP_064078192.1	Q9NTJ4	MA2C1	45.27	100.00	-	-
LOC135195714	XP_064078193.1	P60174	TPIS	66.94	24.80	-	-
LOC135195716	XP_064078198.1	Q9NS37	ZHANG	30.60	13.40	-	-
LOC135195716	XP_064078200.1	Q9NS37	ZHANG	30.60	13.40	-	-
LOC135195717	XP_064078201.1	Q8N5H7	SH2D3	36.84	32.30	-	-
LOC135195717	XP_064078202.1	Q8N5H7	SH2D3	36.84	32.30	-	-
LOC135195717	XP_064078203.1	Q8N5H7	SH2D3	36.84	32.30	-	-
LOC135195717	XP_064078204.1	Q8N5H7	SH2D3	36.84	32.30	-	-
LOC135195717	XP_064078205.1	Q8N5H7	SH2D3	36.84	32.30	-	-
LOC135195717	XP_064078206.1	Q8N5H7	SH2D3	36.84	32.30	-	-
LOC135195717	XP_064078207.1	Q8N5H7	SH2D3	36.84	32.30	-	-
LOC135195717	XP_064078208.1	Q8N5H7	SH2D3	36.84	32.30	-	-
LOC135195717	XP_064078210.1	Q8N5H7	SH2D3	36.84	32.30	-	-
LOC135195723	XP_064078213.1	Q01459	DIAC	41.06	35.80	-	-
LOC135195723	XP_064078214.1	Q01459	DIAC	41.06	35.80	-	-
LOC135195725	XP_064078215.1	Q02153	GCYB1	36.17	62.20	-	-
LOC135195725	XP_064078216.1	Q02153	GCYB1	36.17	62.20	-	-
LOC135195725	XP_064078217.1	Q02153	GCYB1	36.17	62.20	-	-
LOC135195724	XP_064078218.1	P22105	TENX	25.93	53.60	-	-
LOC135195726	XP_064078219.1	Q63HM9	PLCX3	37.05	30.50	-	-
LOC135195727	XP_064078220.1	Q9NPZ5	B3GA2	44.69	22.60	-	-
LOC135195727	XP_064078221.1	Q9NPZ5	B3GA2	44.69	22.60	-	-
LOC135195727	XP_064078222.1	Q9NPZ5	B3GA2	44.69	22.60	-	-
LOC135195727	XP_064078223.1	Q9NPZ5	B3GA2	44.69	22.60	-	-
LOC135195727	XP_064078224.1	Q9NPZ5	B3GA2	44.69	22.60	-	-
LOC135195728	XP_064078225.1	O75116	ROCK2	49.64	100.00	-	-
LOC135195731	XP_064078228.1	O43447	PPIH	78.82	17.00	-	-
LOC135195732	XP_064078229.1	Q9UPX0	TUTLB	31.36	82.60	-	-
LOC135195732	XP_064078230.1	Q9UPX0	TUTLB	31.36	82.60	-	-
LOC135195732	XP_064078231.1	Q9UPX0	TUTLB	31.36	82.60	-	-
LOC135195732	XP_064078233.1	Q9UPX0	TUTLB	31.36	82.60	-	-
LOC135195732	XP_064078234.1	Q9UPX0	TUTLB	31.55	82.10	-	-
LOC135195732	XP_064078235.1	Q9UPX0	TUTLB	31.66	79.90	-	-
LOC135195732	XP_064078236.1	Q9UPX0	TUTLB	32.17	80.50	-	-
LOC135195732	XP_064078237.1	Q9UPX0	TUTLB	32.29	80.20	-	-
LOC135195627	XP_064078238.1	Q9NQ69	LHX9	51.34	26.10	-	-
LOC135195732	XP_064078239.1	Q9UPX0	TUTLB	32.50	80.00	-	-
LOC135195732	XP_064078240.1	Q9UPX0	TUTLB	32.38	80.00	-	-
LOC135195732	XP_064078241.1	Q9UPX0	TUTLB	32.50	79.70	-	-
LOC135195732	XP_064078242.1	Q9UPX0	TUTLB	32.50	79.70	-	-
LOC135195732	XP_064078243.1	Q9UPX0	TUTLB	32.95	78.00	-	-
LOC135195732	XP_064078244.1	Q9UPX0	TUTLB	31.24	78.10	-	-
LOC135195734	XP_064078245.1	Q86VZ4	LRP11	27.80	24.10	-	-
LOC135195734	XP_064078246.1	Q86VZ4	LRP11	27.80	24.10	-	-
LOC135195735	XP_064078247.1	Q96C90	PP14B	36.67	9.00	-	-
LOC135195733	XP_064078248.1	Q8IUN9	CLC10	30.51	11.80	-	-
LOC135195735	XP_064078249.1	Q96C90	PP14B	36.67	9.00	-	-
LOC135195735	XP_064078250.1	Q96C90	PP14B	36.67	9.00	-	-
LOC135195737	XP_064078252.1	Q8N5A5	ZGPAT	28.91	55.70	-	-
LOC135195737	XP_064078253.1	Q8N5A5	ZGPAT	28.91	55.70	-	-
LOC135195738	XP_064078254.1	Q8N0S6	CENPL	20.75	18.80	-	-
LOC135195738	XP_064078255.1	Q8N0S6	CENPL	20.75	18.80	-	-
LOC135195739	XP_064078256.1	Q9BWT3	PAPOG	60.45	49.30	-	-
LOC135195739	XP_064078257.1	Q9BWT3	PAPOG	60.45	49.30	-	-
LOC135195739	XP_064078258.1	Q9BWT3	PAPOG	60.45	49.30	-	-
LOC135195739	XP_064078259.1	Q9BWT3	PAPOG	60.45	49.30	-	-
LOC135195739	XP_064078260.1	Q9BWT3	PAPOG	60.45	49.30	-	-
LOC135195740	XP_064078261.1	O15091	MRPP3	27.51	34.90	-	-
LOC135195750	XP_064078264.1	O95273	CCDB1	27.61	32.60	-	-
LOC135195751	XP_064078265.1	Q9UNY4	TTF2	39.23	83.10	-	-
LOC135195752	XP_064078266.1	Q9NYT6	ZN226	29.62	42.20	-	-
LOC135195753	XP_064078268.1	O95466	FMNL1	52.99	43.40	-	-
LOC135195753	XP_064078269.1	O95466	FMNL1	52.99	43.40	-	-
LOC135195753	XP_064078270.1	Q8IVF7	FMNL3	46.07	97.90	-	-
LOC135195753	XP_064078271.1	Q8IVF7	FMNL3	46.07	97.90	-	-
LOC135195754	XP_064078272.1	P05556	ITB1	39.38	77.20	-	-
LOC135195754	XP_064078273.1	P05556	ITB1	39.38	77.20	-	-
LOC135195755	XP_064078274.1	Q9NZN8	CNOT2	63.38	31.40	-	-
LOC135195756	XP_064078275.1	Q9P126	CLC1B	24.32	14.80	-	-
LOC135195757	XP_064078276.1	O43291	SPIT2	30.07	14.30	-	-
LOC135195759	XP_064078277.1	Q8NDA2	HMCN2	25.47	47.90	-	-
LOC135195759	XP_064078278.1	Q8NDA2	HMCN2	25.47	47.90	-	-
LOC135195759	XP_064078279.1	Q8NDA2	HMCN2	25.47	47.90	-	-
LOC135195759	XP_064078280.1	Q8NDA2	HMCN2	25.47	47.90	-	-
LOC135195762	XP_064078281.1	Q7Z410	TMPS9	39.67	24.20	-	-
LOC135195764	XP_064078282.1	Q8NDA2	HMCN2	25.00	48.80	-	-
LOC135195768	XP_064078285.1	P60891	PRPS1	75.67	37.40	-	-
LOC135195768	XP_064078286.1	P60891	PRPS1	75.87	37.30	-	-
LOC135195768	XP_064078287.1	P60891	PRPS1	81.95	34.90	-	-
LOC135195768	XP_064078288.1	P60891	PRPS1	89.94	31.80	-	-
LOC135195768	XP_064078290.1	P60891	PRPS1	90.22	31.70	-	-
LOC135195768	XP_064078291.1	P60891	PRPS1	75.08	33.30	-	-
LOC135195770	XP_064078292.1	Q9P273	TEN3	33.42	100.00	-	-
LOC135195770	XP_064078293.1	Q9P273	TEN3	33.50	100.00	-	-
LOC135195770	XP_064078294.1	Q9P273	TEN3	32.84	100.00	-	-
LOC135195770	XP_064078295.1	Q9P273	TEN3	32.84	100.00	-	-
LOC135195770	XP_064078296.1	Q9P273	TEN3	32.84	100.00	-	-
LOC135195770	XP_064078297.1	Q9P273	TEN3	32.84	100.00	-	-
LOC135195772	XP_064078298.1	P12829	MYL4	41.83	15.30	-	-
LOC135195772	XP_064078299.1	P12829	MYL4	41.83	15.30	-	-
LOC135195772	XP_064078300.1	P12829	MYL4	40.91	15.40	-	-
LOC135195772	XP_064078301.1	P12829	MYL4	41.18	15.30	-	-
LOC135195773	XP_064078303.1	Q5TC79	ZBT37	23.36	42.80	-	-
LOC135195773	XP_064078304.1	Q5TC79	ZBT37	23.36	42.80	-	-
LOC135195773	XP_064078305.1	Q5TC79	ZBT37	23.36	42.80	-	-
LOC135195773	XP_064078306.1	O43829	ZBT14	29.55	13.20	-	-
LOC135195773	XP_064078307.1	O15090	ZN536	50.00	6.00	-	-
LOC135195773	XP_064078308.1	O43829	ZBT14	29.55	13.20	-	-
LOC135195773	XP_064078309.1	P08048	ZFY	46.97	6.60	-	-
LOC135195773	XP_064078310.1	O43829	ZBT14	28.79	13.20	-	-
LOC135195774	XP_064078311.1	Q9UM11	FZR1	71.28	49.80	-	-
LOC135195774	XP_064078312.1	Q9UM11	FZR1	71.28	49.80	-	-
LOC135195774	XP_064078313.1	Q9UM11	FZR1	71.28	49.80	-	-
LOC135195774	XP_064078314.1	Q9UM11	FZR1	71.28	49.80	-	-
LOC135195774	XP_064078315.1	Q9UM11	FZR1	71.28	49.80	-	-
LOC135195776	XP_064078316.1	P41161	ETV5	51.85	21.60	-	-
LOC135195776	XP_064078318.1	P41161	ETV5	51.85	21.60	-	-
LOC135195778	XP_064078319.1	Q6UX04	CWC27	51.36	47.70	-	-
LOC135195779	XP_064078320.1	Q16820	MEP1B	31.80	28.30	-	-
LOC135195781	XP_064078321.1	P00439	PH4H	64.72	44.50	-	-
LOC135195781	XP_064078322.1	P00439	PH4H	65.38	43.90	-	-
LOC135195781	XP_064078323.1	P00439	PH4H	65.38	43.90	-	-
LOC135195782	XP_064078324.1	P08218	CEL2B	29.23	13.00	-	-
LOC135195785	XP_064078326.1	Q9NX05	F120C	45.76	38.90	-	-
LOC135195786	XP_064078327.1	Q14684	RRP1B	32.33	36.50	-	-
LOC135195783	XP_064078328.1	Q2TAC6	KIF19	48.35	63.70	-	-
LOC135195788	XP_064078330.1	Q8N961	ABTB2	41.59	100.00	-	-
LOC135195788	XP_064078331.1	Q8N961	ABTB2	41.52	100.00	-	-
LOC135195788	XP_064078332.1	Q8N961	ABTB2	41.52	100.00	-	-
LOC135195788	XP_064078333.1	Q8N961	ABTB2	41.52	100.00	-	-
LOC135195788	XP_064078334.1	Q8N961	ABTB2	41.52	100.00	-	-
LOC135195788	XP_064078335.1	Q8N961	ABTB2	41.52	100.00	-	-
LOC135195788	XP_064078336.1	Q8N961	ABTB2	41.52	100.00	-	-
LOC135195789	XP_064078337.1	P58004	SESN2	31.46	41.00	-	-
LOC135195793	XP_064078340.1	Q86X10	RLGPB	40.74	100.00	-	-
LOC135195790	XP_064078341.1	Q96AE7	TTC17	35.17	60.00	-	-
LOC135195794	XP_064078342.1	Q86X10	RLGPB	34.21	22.80	-	-
LOC135195795	XP_064078343.1	Q6UXK5	LRRN1	28.10	66.90	-	-
LOC135195798	XP_064078345.1	Q03112	MECOM	88.64	8.80	-	-
LOC135195804	XP_064078351.1	Q8N8Q9	NIPA2	61.38	29.00	-	-
LOC135195777	XP_064078352.1	Q96D96	HVCN1	38.03	14.20	-	-
LOC135195808	XP_064078354.1	P60174	TPIS	64.11	24.80	-	-
LOC135195809	XP_064078355.1	O95239	KIF4A	44.02	34.30	-	-
LOC135195809	XP_064078356.1	O95239	KIF4A	44.02	34.30	-	-
LOC135195812	XP_064078359.1	P20231	TRYB2	33.48	23.60	-	-
LOC135195812	XP_064078360.1	P20231	TRYB2	33.48	23.60	-	-
LOC135195812	XP_064078362.1	P20231	TRYB2	33.48	23.60	-	-
LOC135195812	XP_064078363.1	P20231	TRYB2	33.48	23.60	-	-
LOC135195812	XP_064078364.1	P20231	TRYB2	33.48	23.60	-	-
LOC135195813	XP_064078365.1	Q6KCM7	SCMC2	63.10	35.50	-	-
LOC135195813	XP_064078366.1	Q6KCM7	SCMC2	63.25	35.10	-	-
LOC135195813	XP_064078367.1	Q6KCM7	SCMC2	58.19	45.20	-	-
LOC135195813	XP_064078368.1	Q6KCM7	SCMC2	58.97	44.60	-	-
LOC135195814	XP_064078369.1	P16444	DPEP1	46.54	37.60	-	-
LOC135195814	XP_064078370.1	P16444	DPEP1	47.93	29.00	-	-
LOC135195815	XP_064078371.1	Q4U2R8	S22A6	30.16	43.10	-	-
LOC135195815	XP_064078372.1	Q4U2R8	S22A6	30.16	43.10	-	-
LOC135195816	XP_064078373.1	P62330	ARF6	94.86	17.50	-	-
LOC135195816	XP_064078374.1	P62330	ARF6	94.86	17.50	-	-
LOC135195817	XP_064078375.1	Q8IVS2	FABD	51.14	30.70	-	-
LOC135195817	XP_064078376.1	Q8IVS2	FABD	51.14	30.70	-	-
LOC135195817	XP_064078377.1	Q8IVS2	FABD	54.80	21.90	-	-
LOC135195821	XP_064078381.1	Q9Y5Z6	B3GT1	33.89	23.90	-	-
LOC135195821	XP_064078382.1	Q9Y5Z6	B3GT1	33.89	23.90	-	-
LOC135195821	XP_064078383.1	Q9Y5Z6	B3GT1	33.89	23.90	-	-
LOC135195821	XP_064078384.1	Q9Y5Z6	B3GT1	33.89	23.90	-	-
LOC135195821	XP_064078385.1	Q9Y5Z6	B3GT1	33.89	23.90	-	-
LOC135195821	XP_064078386.1	Q9Y5Z6	B3GT1	33.89	23.90	-	-
LOC135195823	XP_064078388.1	O00267	SPT5H	59.43	98.60	-	-
LOC135195824	XP_064078389.1	P05556	ITB1	36.85	76.80	-	-
LOC135195825	XP_064078390.1	Q16706	MA2A1	43.83	100.00	-	-
LOC135195827	XP_064078401.1	P24043	LAMA2	20.77	36.60	-	-
LOC135195828	XP_064078402.1	Q9NY64	SL2A8	25.82	45.70	-	-
LOC135195828	XP_064078403.1	Q9NY64	SL2A8	25.89	45.20	-	-
LOC135195829	XP_064078404.1	Q9H0J4	QRIC2	26.84	23.10	-	-
LOC135195829	XP_064078405.1	Q9H0J4	QRIC2	26.84	23.10	-	-
LOC135195829	XP_064078406.1	Q9H0J4	QRIC2	26.84	23.10	-	-
LOC135195830	XP_064078407.1	P04003	C4BPA	21.93	46.50	-	-
LOC135195830	XP_064078408.1	P04003	C4BPA	21.93	46.50	-	-
LOC135195830	XP_064078409.1	P04003	C4BPA	21.93	46.50	-	-
LOC135195831	XP_064078410.1	P27701	CD82	24.90	24.10	-	-
LOC135195833	XP_064078411.1	Q92496	FHR4	24.04	33.70	-	-
LOC135195833	XP_064078412.1	Q92496	FHR4	23.82	34.00	-	-
LOC135195834	XP_064078413.1	Q96PZ7	CSMD1	23.81	39.90	-	-
LOC135195832	XP_064078414.1	O60500	NPHN	27.96	18.60	-	-
LOC135195835	XP_064078415.1	Q14314	FGL2	27.55	16.70	-	-
LOC135195835	XP_064078416.1	Q14314	FGL2	27.55	16.70	-	-
LOC135195836	XP_064078417.1	P08842	STS	41.27	44.10	-	-
LOC135195836	XP_064078418.1	P08842	STS	41.27	44.10	-	-
LOC135195836	XP_064078419.1	P08842	STS	41.27	44.10	-	-
LOC135195836	XP_064078420.1	P08842	STS	41.27	44.10	-	-
LOC135195837	XP_064078421.1	Q8N122	RPTOR	50.67	100.00	-	-
LOC135195838	XP_064078422.1	P29803	ODPAT	57.43	35.00	-	-
LOC135195838	XP_064078423.1	P29803	ODPAT	53.87	38.80	-	-
LOC135195838	XP_064078424.1	P29803	ODPAT	54.07	38.10	-	-
LOC135195838	XP_064078425.1	P29803	ODPAT	59.83	22.90	-	-
LOC135195840	XP_064078427.1	P46952	3HAO	51.25	27.90	-	-
LOC135195841	XP_064078428.1	Q9BQS2	SYT15	44.26	30.50	-	-
LOC135195842	XP_064078429.1	Q86W33	TPRA1	45.45	31.90	-	-
LOC135195842	XP_064078430.1	Q86W33	TPRA1	46.39	29.10	-	-
LOC135195777	XP_064078434.1	Q96D96	HVCN1	38.03	14.20	-	-
LOC135195855	XP_064078437.1	Q9P2P1	NYNRI	32.43	11.10	-	-
LOC135195858	XP_064078440.1	O96006	ZBED1	30.00	21.00	-	-
LOC135195860	XP_064078441.1	Q6ZNG9	KRBA2	31.89	18.50	-	-
LOC135195862	XP_064078443.1	Q00341	VIGLN	21.52	33.00	-	-
LOC135195867	XP_064078448.1	Q7RTT9	S29A4	54.05	7.40	-	-
LOC135195870	XP_064078450.1	A2RRP1	NBAS	45.43	66.70	-	-
LOC135195871	XP_064078451.1	A2RRP1	NBAS	40.33	18.10	-	-
LOC135195872	XP_064078452.1	Q8TB40	ABHD4	51.77	33.80	-	-
LOC135195874	XP_064078454.1	Q96EN8	MOCOS	37.61	81.90	-	-
LOC135195877	XP_064078457.1	Q12955	ANK3	33.03	22.10	-	-
LOC135195878	XP_064078458.1	P16157	ANK1	35.53	15.20	-	-
LOC135195879	XP_064078459.1	Q12955	ANK3	30.21	75.80	-	-
LOC135195882	XP_064078461.1	Q49AG3	ZBED5	37.61	22.60	-	-
LOC135195884	XP_064078463.1	Q8IZ13	F200C	31.38	29.00	-	-
LOC135195888	XP_064078465.1	Q9NQ50	RM40	40.00	13.50	-	-
LOC135195892	XP_064078472.1	Q5SVZ6	ZMYM1	35.35	9.90	-	-
LOC135195896	XP_064078473.1	Q96MW7	TIGD1	41.96	25.50	-	-
LOC135195899	XP_064078476.1	P24043	LAMA2	23.00	48.70	-	-
LOC135195900	XP_064078477.1	Q96DM1	PGBD4	25.26	38.80	-	-
LOC135195906	XP_064078483.1	O43422	P52K	24.59	30.50	-	-
LOC135195908	XP_064078485.1	Q86UP8	GTD2A	42.64	12.90	-	-
LOC135195909	XP_064078486.1	Q5VSY0	GKAP1	29.94	35.40	-	-
LOC135195915	XP_064078488.1	P03952	KLKB1	39.21	27.80	-	-
LOC135195912	XP_064078489.1	Q9UL25	RAB21	80.80	15.10	-	-
LOC135195918	XP_064078492.1	Q9BZP6	CHIA	36.36	49.50	-	-
LOC135195921	XP_064078495.1	Q9C035	TRIM5	22.71	25.10	-	-
LOC135195923	XP_064078497.1	Q8N328	PGBD3	31.78	25.80	-	-
LOC135195924	XP_064078498.1	Q49AG3	ZBED5	32.66	24.80	-	-
LOC135195937	XP_064078509.1	O75964	ATP5L	53.41	8.80	-	-
LOC135195938	XP_064078510.1	Q9HCU5	SEC12	31.94	7.20	-	-
LOC135195941	XP_064078517.1	P17010	ZFX	35.29	6.80	-	-
LOC135195945	XP_064078518.1	Q8IZ13	F200C	41.63	20.90	-	-
LOC135195946	XP_064078519.1	Q6R2W3	SCND3	32.10	24.30	-	-
LOC135195948	XP_064078521.1	Q9P2K8	E2AK4	33.29	79.60	-	-
LOC135195951	XP_064078524.1	A6NE01	F186A	28.21	31.90	-	-
LOC135195952	XP_064078527.1	Q9H5V7	IKZF5	43.04	7.90	-	-
LOC135195956	XP_064078529.1	Q96MB7	HARB1	28.68	25.80	-	-
LOC135195957	XP_064078530.1	Q96MW7	TIGD1	43.91	31.20	-	-
LOC135195958	XP_064078531.1	Q9Y2H0	DLGP4	32.82	19.50	-	-
LOC135195959	XP_064078532.1	Q96JP0	FEM1C	36.36	61.60	-	-
LOC135195960	XP_064078533.1	Q96JP0	FEM1C	34.30	62.10	-	-
LOC135195962	XP_064078534.1	O00370	LORF2	25.89	33.60	-	-
LOC135195963	XP_064078535.1	Q96JP0	FEM1C	34.69	44.10	-	-
LOC135195961	XP_064078536.1	Q9UFH2	DYH17	61.23	100.00	-	-
LOC135195973	XP_064078545.1	Q9UGN5	PARP2	56.90	46.40	-	-
LOC135195971	XP_064078546.1	Q96JN0	LCOR	60.00	5.50	-	-
LOC135195977	XP_064078549.1	Q9H9A6	LRC40	42.19	49.30	-	-
LOC135195979	XP_064078550.1	Q5SVZ6	ZMYM1	33.33	12.00	-	-
LOC135195981	XP_064078552.1	Q96NR8	RDH12	38.09	29.40	-	-
LOC135195985	XP_064078555.1	Q92890	UFD1	58.12	30.80	-	-
LOC135195982	XP_064078556.1	O94889	KLH18	58.29	37.40	-	-
LOC135195987	XP_064078557.1	Q96RW7	HMCN1	24.44	53.20	-	-
LOC135195990	XP_064078561.1	Q9NPF2	CHSTB	33.95	27.10	-	-
LOC135196000	XP_064078564.1	Q96JP0	FEM1C	34.53	47.50	-	-
LOC135196000	XP_064078565.1	Q96JP0	FEM1C	34.53	47.50	-	-
LOC135196002	XP_064078566.1	Q96JP0	FEM1C	33.76	47.40	-	-
LOC135196018	XP_064078569.1	P17752	TPH1	61.44	44.60	-	-
LOC135196018	XP_064078570.1	P17752	TPH1	61.44	44.60	-	-
LOC135196018	XP_064078572.1	P17752	TPH1	61.44	44.60	-	-
LOC135196034	XP_064078575.1	O43424	GRID2	27.63	38.00	-	-
LOC135196042	XP_064078584.1	Q3C1V8	BSH	41.78	22.50	-	-
LOC135196055	XP_064078590.1	Q86TX2	ACOT1	46.06	25.40	-	-
LOC135196058	XP_064078591.1	Q96I13	ABHD8	36.84	24.70	-	-
LOC135196061	XP_064078592.1	Q02779	M3K10	26.38	23.50	-	-
LOC135196062	XP_064078593.1	Q96JP0	FEM1C	37.52	59.70	-	-
LOC135196063	XP_064078594.1	Q5JXM2	MET24	33.56	14.60	-	-
LOC135196064	XP_064078595.1	Q9H944	MED20	41.71	21.10	-	-
LOC135196064	XP_064078596.1	Q9H944	MED20	44.20	18.10	-	-
LOC135196064	XP_064078597.1	Q9H944	MED20	44.12	17.00	-	-
LOC135196067	XP_064078598.1	Q96JP0	FEM1C	33.95	59.80	-	-
LOC135196085	XP_064078610.1	Q9H6K4	OPA3	45.80	13.10	-	-
LOC135196085	XP_064078611.1	Q9H6K4	OPA3	44.88	12.70	-	-
LOC135196087	XP_064078612.1	Q16099	GRIK4	21.88	48.90	-	-
LOC135196086	XP_064078614.1	Q8N1M1	BEST3	37.15	35.80	-	-
LOC135196095	XP_064078619.1	Q8WZA1	PMGT1	31.11	55.60	-	-
LOC135196096	XP_064078620.1	Q9ULK0	GRID1	23.01	35.20	-	-
LOC135196096	XP_064078621.1	Q9ULK0	GRID1	23.01	35.20	-	-
LOC135196096	XP_064078622.1	Q9ULK0	GRID1	23.01	35.20	-	-
LOC135196098	XP_064078623.1	O43424	GRID2	25.98	35.80	-	-
LOC135196099	XP_064078624.1	P61916	NPC2	30.27	10.90	-	-
LOC135196097	XP_064078625.1	Q8N1M1	BEST3	38.99	33.60	-	-
LOC135196100	XP_064078626.1	A2RRP1	NBAS	43.85	31.70	-	-
LOC135196102	XP_064078628.1	Q8TC12	RDH11	41.41	29.70	-	-
LOC135196102	XP_064078629.1	Q8TC12	RDH11	42.16	28.70	-	-
LOC135196102	XP_064078630.1	Q8TC12	RDH11	39.29	25.20	-	-
LOC135196103	XP_064078631.1	Q17RR3	LIPR3	38.59	31.10	-	-
LOC135196104	XP_064078632.1	Q14738	2A5D	75.60	54.10	-	-
LOC135196104	XP_064078633.1	Q14738	2A5D	75.23	54.10	-	-
LOC135196104	XP_064078634.1	Q14738	2A5D	75.60	54.10	-	-
LOC135196104	XP_064078635.1	Q14738	2A5D	75.60	54.10	-	-
LOC135196104	XP_064078636.1	Q14738	2A5D	75.80	53.30	-	-
LOC135196104	XP_064078637.1	Q14738	2A5D	75.80	53.30	-	-
LOC135196104	XP_064078638.1	Q14738	2A5D	75.60	54.10	-	-
LOC135196105	XP_064078639.1	Q8N1M1	BEST3	38.61	25.90	-	-
LOC135196106	XP_064078640.1	Q86TP1	PRUN1	39.25	37.20	-	-
LOC135196107	XP_064078641.1	Q14232	EI2BA	48.67	30.00	-	-
LOC135196108	XP_064078642.1	Q15771	RAB30	65.09	21.20	-	-
LOC135196108	XP_064078643.1	Q15771	RAB30	65.09	21.20	-	-
LOC135196108	XP_064078644.1	Q15771	RAB30	67.98	20.30	-	-
LOC135196109	XP_064078645.1	Q9UHC3	ASIC3	22.88	23.60	-	-
LOC135196110	XP_064078646.1	Q587I9	SFT2C	31.53	22.20	-	-
LOC135196116	XP_064078652.1	Q8NFF5	FAD1	43.17	49.80	-	-
LOC135196116	XP_064078653.1	Q8NFF5	FAD1	42.68	47.80	-	-
LOC135196118	XP_064078654.1	Q9BXR3	POK6	29.03	9.30	-	-
LOC135196119	XP_064078655.1	Q9P0T7	TMEM9	39.41	17.00	-	-
LOC135196120	XP_064078656.1	Q9H963	ZN702	50.00	10.00	-	-
LOC135196120	XP_064078657.1	Q9H963	ZN702	50.00	10.00	-	-
LOC135196121	XP_064078659.1	Q6PK04	CC137	29.32	26.60	-	-
LOC135196129	XP_064078712.1	Q12955	ANK3	27.32	36.60	-	-
LOC135196129	XP_064078713.1	Q12955	ANK3	30.15	33.50	-	-
LOC135196129	XP_064078714.1	Q12955	ANK3	29.57	32.80	-	-
LOC135196129	XP_064078715.1	Q12955	ANK3	32.36	30.90	-	-
LOC135196130	XP_064078717.1	Q9ULP9	TBC24	29.17	59.30	-	-
LOC135196130	XP_064078718.1	Q9ULP9	TBC24	29.57	58.50	-	-
LOC135196130	XP_064078719.1	Q9ULP9	TBC24	29.17	59.30	-	-
LOC135196130	XP_064078720.1	Q9ULP9	TBC24	30.22	55.60	-	-
LOC135196130	XP_064078721.1	Q9ULP9	TBC24	29.17	59.30	-	-
LOC135196131	XP_064078722.1	Q9NWD8	TM248	25.66	30.40	-	-
LOC135196131	XP_064078723.1	Q9NWD8	TM248	25.66	30.40	-	-
LOC135196131	XP_064078724.1	Q9NWD8	TM248	25.66	30.40	-	-
LOC135196132	XP_064078725.1	P11498	PYC	69.97	100.00	-	-
LOC135196132	XP_064078727.1	P11498	PYC	69.97	100.00	-	-
LOC135196132	XP_064078728.1	P11498	PYC	69.97	100.00	-	-
LOC135196132	XP_064078729.1	P11498	PYC	69.97	100.00	-	-
LOC135196132	XP_064078730.1	P11498	PYC	69.97	100.00	-	-
LOC135196132	XP_064078731.1	P11498	PYC	69.97	100.00	-	-
LOC135196132	XP_064078732.1	P11498	PYC	69.97	100.00	-	-
LOC135196132	XP_064078733.1	P11498	PYC	69.97	100.00	-	-
LOC135196134	XP_064078735.1	Q96PE2	ARHGH	42.69	49.90	-	-
LOC135196134	XP_064078736.1	Q96PE2	ARHGH	42.69	49.90	-	-
LOC135196134	XP_064078737.1	Q96PE2	ARHGH	42.69	49.90	-	-
LOC135196137	XP_064078738.1	P49116	NR2C2	44.47	48.80	-	-
LOC135196135	XP_064078739.1	Q9HBX9	RXFP1	36.06	71.00	-	-
LOC135196137	XP_064078740.1	P49116	NR2C2	45.61	47.80	-	-
LOC135196137	XP_064078741.1	P49116	NR2C2	44.47	48.80	-	-
LOC135196137	XP_064078742.1	P49116	NR2C2	44.47	48.80	-	-
LOC135196137	XP_064078743.1	P49116	NR2C2	44.47	48.80	-	-
LOC135196137	XP_064078744.1	P49116	NR2C2	44.47	48.80	-	-
LOC135196137	XP_064078745.1	P49116	NR2C2	44.47	48.80	-	-
LOC135196137	XP_064078746.1	P49116	NR2C2	44.47	48.80	-	-
LOC135196137	XP_064078747.1	P49116	NR2C2	44.47	48.80	-	-
LOC135196137	XP_064078748.1	P49116	NR2C2	44.47	48.80	-	-
LOC135196138	XP_064078749.1	O94813	SLIT2	29.47	19.00	-	-
LOC135196135	XP_064078750.1	Q9HBX9	RXFP1	36.06	71.00	-	-
LOC135196141	XP_064078752.1	Q9Y2Z2	MTO1	53.88	67.00	-	-
LOC135196141	XP_064078753.1	Q9Y2Z2	MTO1	53.88	67.00	-	-
LOC135196127	XP_064078754.1	O75311	GLRA3	23.33	33.00	-	-
LOC135196141	XP_064078755.1	Q9Y2Z2	MTO1	53.88	67.00	-	-
LOC135196141	XP_064078756.1	Q9Y2Z2	MTO1	53.88	67.00	-	-
LOC135196141	XP_064078757.1	Q9Y2Z2	MTO1	55.03	61.60	-	-
LOC135196141	XP_064078758.1	Q9Y2Z2	MTO1	49.03	46.50	-	-
LOC135196135	XP_064078759.1	Q9HBX9	RXFP1	37.12	59.00	-	-
LOC135196142	XP_064078760.1	Q8IUS5	EPHX4	28.95	11.40	-	-
LOC135196142	XP_064078761.1	Q8IUS5	EPHX4	28.95	11.40	-	-
LOC135196144	XP_064078764.1	Q9UHJ6	SHPK	44.67	49.70	-	-
LOC135196145	XP_064078765.1	Q7Z7K6	CENPV	63.08	13.00	-	-
LOC135196145	XP_064078766.1	Q7Z7K6	CENPV	63.08	13.00	-	-
LOC135196145	XP_064078767.1	Q7Z7K6	CENPV	63.08	13.00	-	-
LOC135196145	XP_064078768.1	Q7Z7K6	CENPV	63.08	13.00	-	-
LOC135196145	XP_064078769.1	Q7Z7K6	CENPV	63.08	13.00	-	-
LOC135196145	XP_064078770.1	Q7Z7K6	CENPV	63.08	13.00	-	-
LOC135196147	XP_064078771.1	Q9UIS9	MBD1	28.63	24.80	-	-
LOC135196146	XP_064078772.1	Q9BXK1	KLF16	58.97	7.80	-	-
LOC135196150	XP_064078774.1	O75140	DEPD5	41.33	100.00	-	-
LOC135196151	XP_064078775.1	Q9UQF2	JIP1	45.09	22.40	-	-
LOC135196151	XP_064078776.1	Q9UQF2	JIP1	45.09	22.40	-	-
LOC135196151	XP_064078777.1	Q9UQF2	JIP1	45.09	22.40	-	-
LOC135196151	XP_064078778.1	Q9UQF2	JIP1	45.09	22.40	-	-
LOC135196151	XP_064078779.1	Q9UQF2	JIP1	45.09	22.40	-	-
LOC135196151	XP_064078780.1	Q9UQF2	JIP1	45.09	22.40	-	-
LOC135196152	XP_064078781.1	Q8IY51	TIGD4	25.73	20.60	-	-
LOC135196152	XP_064078782.1	Q8IY51	TIGD4	25.73	20.60	-	-
LOC135196152	XP_064078783.1	Q8IY51	TIGD4	25.73	20.60	-	-
LOC135196154	XP_064078784.1	P09960	LKHA4	53.71	60.70	-	-
LOC135196153	XP_064078785.1	Q96PZ7	CSMD1	28.48	15.10	-	-
LOC135196154	XP_064078786.1	P09960	LKHA4	53.71	60.70	-	-
LOC135196154	XP_064078787.1	P09960	LKHA4	58.27	50.80	-	-
LOC135196155	XP_064078788.1	Q9NRJ4	TULP4	44.52	71.20	-	-
LOC135196155	XP_064078789.1	Q9NRJ4	TULP4	44.52	71.20	-	-
LOC135196156	XP_064078790.1	Q9ULT6	ZNRF3	33.88	30.70	-	-
LOC135196156	XP_064078791.1	Q9ULT6	ZNRF3	33.88	30.70	-	-
LOC135196156	XP_064078792.1	Q9ULK6	RN150	40.66	9.10	-	-
LOC135196157	XP_064078793.1	Q9UMZ2	SYNRG	29.00	30.00	-	-
LOC135196157	XP_064078794.1	Q9UMZ2	SYNRG	29.00	30.00	-	-
LOC135196157	XP_064078795.1	Q9UMZ2	SYNRG	29.00	30.00	-	-
LOC135196157	XP_064078796.1	Q9UMZ2	SYNRG	29.00	30.00	-	-
LOC135196157	XP_064078797.1	Q9UMZ2	SYNRG	29.00	30.00	-	-
LOC135196157	XP_064078798.1	Q9UMZ2	SYNRG	29.00	30.00	-	-
LOC135196157	XP_064078799.1	Q9UMZ2	SYNRG	31.77	27.70	-	-
LOC135196158	XP_064078800.1	Q9HCC6	HES4	51.18	12.70	-	-
LOC135196157	XP_064078801.1	Q9UMZ2	SYNRG	25.55	64.20	-	-
LOC135196159	XP_064078802.1	P05090	APOD	32.58	17.80	-	-
LOC135196161	XP_064078804.1	Q9Y5Z4	HEBP2	42.59	16.20	-	-
LOC135196162	XP_064078805.1	P0C1Z6	TFPT	47.62	6.30	-	-
LOC135196163	XP_064078806.1	Q96II8	LRCH3	40.05	42.20	-	-
LOC135196163	XP_064078807.1	Q96II8	LRCH3	40.05	42.20	-	-
LOC135196163	XP_064078808.1	Q96II8	LRCH3	40.05	42.20	-	-
LOC135196163	XP_064078809.1	Q96II8	LRCH3	36.45	81.20	-	-
LOC135196163	XP_064078810.1	Q96II8	LRCH3	40.05	42.20	-	-
LOC135196165	XP_064078811.1	Q9NP66	HM20A	35.71	8.40	-	-
LOC135196166	XP_064078812.1	Q15818	NPTX1	28.24	13.10	-	-
LOC135196167	XP_064078813.1	A2RRP1	NBAS	39.63	16.40	-	-
LOC135196168	XP_064078814.1	A2RRP1	NBAS	27.70	40.80	-	-
LOC135196168	XP_064078815.1	A2RRP1	NBAS	31.37	100.00	-	-
LOC135196171	XP_064078816.1	Q9NV58	RN19A	55.99	48.40	-	-
LOC135196171	XP_064078817.1	Q9NV58	RN19A	55.99	48.40	-	-
LOC135196171	XP_064078818.1	Q9NV58	RN19A	55.99	48.40	-	-
LOC135196171	XP_064078819.1	Q9NV58	RN19A	55.99	48.40	-	-
LOC135196169	XP_064078820.1	O60500	NPHN	27.12	82.60	-	-
LOC135196172	XP_064078821.1	Q9Y2D2	S35A3	51.41	31.90	-	-
LOC135196172	XP_064078822.1	Q9Y2D2	S35A3	51.41	31.90	-	-
LOC135196172	XP_064078823.1	Q9Y2D2	S35A3	51.41	31.90	-	-
LOC135196173	XP_064078824.1	Q9GZT9	EGLN1	53.95	22.80	-	-
LOC135196173	XP_064078825.1	Q9GZT9	EGLN1	54.19	22.70	-	-
LOC135196173	XP_064078826.1	Q9GZT9	EGLN1	54.19	22.70	-	-
LOC135196173	XP_064078827.1	Q9GZT9	EGLN1	54.42	22.60	-	-
LOC135196174	XP_064078828.1	Q8IZ40	RCOR2	43.82	42.90	-	-
LOC135196169	XP_064078829.1	O60500	NPHN	27.12	82.60	-	-
LOC135196176	XP_064078830.1	O14521	DHSD	49.00	10.00	-	-
LOC135196177	XP_064078831.1	Q9H3H1	MOD5	47.06	27.20	-	-
LOC135196178	XP_064078832.1	P04198	MYCN	44.83	8.70	-	-
LOC135196178	XP_064078833.1	P04198	MYCN	44.83	8.70	-	-
LOC135196179	XP_064078834.1	P04198	MYCN	49.41	8.50	-	-
LOC135196179	XP_064078835.1	P04198	MYCN	49.41	8.50	-	-
LOC135196180	XP_064078836.1	Q5TC79	ZBT37	23.67	43.10	-	-
LOC135196183	XP_064078838.1	O94966	UBP19	35.60	100.00	-	-
LOC135196184	XP_064078839.1	O75879	GATB	44.16	46.20	-	-
LOC135195910	XP_064078840.1	Q96J84	KIRR1	28.34	18.70	-	-
LOC135196181	XP_064078841.1	Q8N1M1	BEST3	39.29	33.60	-	-
LOC135196184	XP_064078842.1	O75879	GATB	45.43	44.90	-	-
LOC135196184	XP_064078843.1	O75879	GATB	45.38	50.90	-	-
LOC135196184	XP_064078844.1	O75879	GATB	46.57	49.60	-	-
LOC135196184	XP_064078845.1	O75879	GATB	39.05	46.10	-	-
LOC135196184	XP_064078846.1	O75879	GATB	45.38	50.90	-	-
LOC135196184	XP_064078847.1	O75879	GATB	41.53	49.60	-	-
LOC135196187	XP_064078848.1	O75762	TRPA1	23.86	74.60	-	-
LOC135196193	XP_064078860.1	P09429	HMGB1	54.38	16.00	-	-
LOC135196194	XP_064078862.1	Q9HAJ7	SP30L	55.11	17.60	-	-
LOC135196194	XP_064078863.1	Q9HAJ7	SP30L	55.11	17.60	-	-
LOC135196195	XP_064078864.1	P33993	MCM7	70.91	71.50	-	-
LOC135196195	XP_064078865.1	P33993	MCM7	72.60	65.70	-	-
LOC135196196	XP_064078866.1	Q8N2K0	ABD12	48.28	31.90	-	-
LOC135196196	XP_064078867.1	Q8N2K0	ABD12	48.28	31.90	-	-
LOC135196196	XP_064078868.1	Q8N2K0	ABD12	48.28	31.90	-	-
LOC135196196	XP_064078869.1	Q8N2K0	ABD12	48.28	31.90	-	-
LOC135196197	XP_064078871.1	Q6PH85	DCNL2	70.75	25.30	-	-
LOC135196198	XP_064078872.1	P23771	GATA3	83.90	11.80	-	-
LOC135196199	XP_064078873.1	P23769	GATA2	70.06	15.70	-	-
LOC135196199	XP_064078874.1	P23769	GATA2	40.81	39.70	-	-
LOC135196200	XP_064078875.1	P23771	GATA3	68.90	16.40	-	-
LOC135196200	XP_064078876.1	P23771	GATA3	75.91	13.70	-	-
LOC135196203	XP_064078880.1	Q3KRA9	ALKB6	51.32	22.80	-	-
LOC135196203	XP_064078881.1	Q3KRA9	ALKB6	51.32	22.80	-	-
LOC135196203	XP_064078882.1	Q3KRA9	ALKB6	51.32	22.80	-	-
LOC135196203	XP_064078884.1	Q3KRA9	ALKB6	41.67	22.80	-	-
LOC135196205	XP_064078886.1	Q8WUM9	S20A1	54.13	24.20	-	-
LOC135196205	XP_064078887.1	Q8WUM9	S20A1	54.13	24.20	-	-
LOC135196205	XP_064078889.1	Q8WUM9	S20A1	54.06	24.60	-	-
LOC135196205	XP_064078890.1	Q8WUM9	S20A1	55.88	23.80	-	-
LOC135196205	XP_064078891.1	Q8WUM9	S20A1	55.88	23.80	-	-
LOC135196205	XP_064078892.1	Q8WUM9	S20A1	55.88	23.80	-	-
LOC135196205	XP_064078893.1	Q8WUM9	S20A1	55.88	23.80	-	-
LOC135196205	XP_064078894.1	Q8WUM9	S20A1	55.88	23.80	-	-
LOC135196208	XP_064078896.1	Q7Z6J0	SH3R1	38.57	7.00	-	-
LOC135196208	XP_064078898.1	Q7Z6J0	SH3R1	38.57	7.00	-	-
LOC135196208	XP_064078899.1	Q7Z6J0	SH3R1	38.57	7.00	-	-
LOC135196208	XP_064078900.1	Q7Z6J0	SH3R1	38.57	7.00	-	-
LOC135196208	XP_064078901.1	Q7Z6J0	SH3R1	38.57	7.00	-	-
LOC135196208	XP_064078902.1	Q7Z6J0	SH3R1	38.57	7.00	-	-
LOC135196208	XP_064078903.1	Q7Z6J0	SH3R1	38.57	7.00	-	-
LOC135196208	XP_064078904.1	Q7Z6J0	SH3R1	38.57	7.00	-	-
LOC135196208	XP_064078905.1	P40305	IFI27	60.26	7.80	-	-
LOC135196212	XP_064078909.1	Q06945	SOX4	67.47	8.30	-	-
LOC135196213	XP_064078910.1	Q06945	SOX4	67.90	8.10	-	-
LOC135196213	XP_064078911.1	Q06945	SOX4	67.90	8.10	-	-
LOC135196214	XP_064078912.1	P54646	AAPK2	58.87	58.60	-	-
LOC135196214	XP_064078913.1	P54646	AAPK2	58.87	58.60	-	-
LOC135196214	XP_064078914.1	P54646	AAPK2	61.87	55.60	-	-
LOC135196214	XP_064078915.1	P54646	AAPK2	61.87	55.60	-	-
LOC135196215	XP_064078920.1	O76082	S22A5	28.47	55.50	-	-
LOC135196217	XP_064078927.1	Q9Y263	PLAP	41.72	80.30	-	-
LOC135196218	XP_064078928.1	Q86U44	MTA70	54.50	57.80	-	-
LOC135196218	XP_064078929.1	Q86U44	MTA70	54.42	57.70	-	-
LOC135196220	XP_064078930.1	P30531	SC6A1	46.11	51.40	-	-
LOC135196221	XP_064078931.1	Q9ULC8	ZDHC8	54.52	29.90	-	-
LOC135196221	XP_064078932.1	Q9ULC8	ZDHC8	54.52	29.90	-	-
LOC135196221	XP_064078934.1	Q9ULC8	ZDHC8	56.79	28.70	-	-
LOC135196221	XP_064078935.1	Q9ULC8	ZDHC8	53.85	20.80	-	-
LOC135196222	XP_064078936.1	Q6P9B9	INT5	29.83	94.20	-	-
LOC135196222	XP_064078937.1	Q6P9B9	INT5	29.83	94.20	-	-
LOC135196223	XP_064078938.1	Q9NZE8	RM35	52.04	9.80	-	-
LOC135196224	XP_064078940.1	P49207	RL34	69.16	10.70	-	-
LOC135196225	XP_064078941.1	Q9UII2	ATIF1	44.68	9.40	-	-
LOC135196225	XP_064078942.1	Q9UII2	ATIF1	52.38	6.30	-	-
LOC135196227	XP_064078943.1	Q9NXW9	ALKB4	38.44	32.00	-	-
LOC135196228	XP_064078944.1	Q8N2U0	TM256	43.30	9.70	-	-
LOC135196228	XP_064078945.1	Q8N2U0	TM256	43.30	9.70	-	-
LOC135196230	XP_064078948.1	Q8NEM7	SP20H	42.34	11.10	-	-
LOC135196232	XP_064078949.1	O95478	NSA2	81.54	26.00	-	-
LOC135196237	XP_064078984.1	Q9UMS0	NFU1	57.64	22.90	-	-
LOC135196242	XP_064078991.1	Q9NWH2	TM242	45.71	10.50	-	-
LOC135196243	XP_064078992.1	Q9HD15	SRA1	29.39	24.50	-	-
LOC135196243	XP_064078993.1	Q9HD15	SRA1	29.05	24.10	-	-
LOC135196243	XP_064078994.1	Q9HD15	SRA1	28.99	23.80	-	-
LOC135196245	XP_064078995.1	Q9Y6B7	AP4B1	33.42	37.10	-	-
LOC135196245	XP_064078996.1	Q9Y6B7	AP4B1	33.42	37.10	-	-
LOC135196245	XP_064078997.1	Q9Y6B7	AP4B1	33.42	37.10	-	-
LOC135196246	XP_064078998.1	Q6NT32	EST5A	31.77	25.50	-	-
LOC135196246	XP_064078999.1	Q6NT32	EST5A	31.77	25.50	-	-
LOC135196246	XP_064079000.1	Q6NT32	EST5A	31.77	25.50	-	-
LOC135196246	XP_064079001.1	Q6NT32	EST5A	31.77	25.50	-	-
LOC135196248	XP_064079002.1	Q8WVQ1	CANT1	57.78	33.40	-	-
LOC135196248	XP_064079003.1	Q8WVQ1	CANT1	57.78	33.40	-	-
LOC135196250	XP_064079004.1	Q6UXK5	LRRN1	28.39	32.40	-	-
LOC135196250	XP_064079005.1	Q6UXK5	LRRN1	28.39	32.40	-	-
LOC135196251	XP_064079006.1	Q9UJJ7	RUSD1	42.54	22.80	-	-
LOC135196252	XP_064079007.1	Q9UHI7	S23A1	45.75	57.70	-	-
LOC135196253	XP_064079008.1	O95707	RPP29	28.37	14.10	-	-
LOC135196253	XP_064079009.1	O95707	RPP29	28.37	14.10	-	-
LOC135196253	XP_064079010.1	O95707	RPP29	28.37	14.10	-	-
LOC135196253	XP_064079011.1	O95707	RPP29	28.37	14.10	-	-
LOC135196257	XP_064079012.1	O75382	TRIM3	47.07	83.50	-	-
LOC135196257	XP_064079013.1	O75382	TRIM3	47.07	83.50	-	-
LOC135196257	XP_064079014.1	O75382	TRIM3	47.52	82.70	-	-
LOC135196257	XP_064079016.1	O75382	TRIM3	47.07	83.50	-	-
LOC135196257	XP_064079017.1	O75382	TRIM3	47.07	83.50	-	-
LOC135196257	XP_064079018.1	O75382	TRIM3	47.07	83.50	-	-
LOC135196257	XP_064079019.1	O75382	TRIM3	47.07	83.50	-	-
LOC135196257	XP_064079020.1	O75382	TRIM3	47.07	83.50	-	-
LOC135196258	XP_064079021.1	Q9NQ48	LZTL1	42.21	30.80	-	-
LOC135196257	XP_064079022.1	O75382	TRIM3	49.36	78.20	-	-
LOC135196262	XP_064079026.1	P45877	PPIC	30.68	8.80	-	-
LOC135196264	XP_064079028.1	Q9NP81	SYSM	46.65	37.30	-	-
LOC135196264	XP_064079029.1	Q9NP81	SYSM	46.65	37.30	-	-
LOC135196264	XP_064079030.1	Q9NP81	SYSM	46.65	37.30	-	-
LOC135196264	XP_064079031.1	Q9NP81	SYSM	46.65	37.30	-	-
LOC135196264	XP_064079032.1	Q9NP81	SYSM	46.65	37.30	-	-
LOC135196264	XP_064079033.1	Q9NP81	SYSM	46.65	37.30	-	-
LOC135196265	XP_064079034.1	Q96BD6	SPSB1	64.43	14.90	-	-
LOC135196264	XP_064079035.1	Q9NP81	SYSM	46.65	37.30	-	-
LOC135196267	XP_064079041.1	P48556	PSMD8	52.65	26.40	-	-
LOC135196268	XP_064079042.1	Q9BZP6	CHIA	38.74	49.30	-	-
LOC135196269	XP_064079043.1	Q9BZP6	CHIA	40.08	49.40	-	-
LOC135196271	XP_064079044.1	Q9BZP6	CHIA	41.31	39.70	-	-
LOC135196272	XP_064079045.1	Q9BZP6	CHIA	39.96	49.30	-	-
LOC135196273	XP_064079046.1	Q9BZP6	CHIA	43.72	39.80	-	-
LOC135196270	XP_064079047.1	Q14246	AGRE1	43.08	6.50	-	-
LOC135196274	XP_064079048.1	Q9BZP6	CHIA	43.37	41.50	-	-
LOC135196275	XP_064079049.1	Q9H3S5	PIGM	42.13	39.40	-	-
LOC135196277	XP_064079051.1	Q00613	HSF1	40.99	22.20	-	-
LOC135196277	XP_064079052.1	Q00613	HSF1	42.06	21.40	-	-
LOC135196277	XP_064079053.1	Q00613	HSF1	42.25	21.30	-	-
LOC135196277	XP_064079054.1	Q00613	HSF1	43.20	20.60	-	-
LOC135196277	XP_064079055.1	Q00613	HSF1	40.99	22.20	-	-
LOC135196277	XP_064079056.1	Q00613	HSF1	41.74	21.80	-	-
LOC135196279	XP_064079057.1	Q9C035	TRIM5	23.81	25.20	-	-
LOC135196280	XP_064079058.1	Q13049	TRI32	28.04	18.90	-	-
LOC135196284	XP_064079059.1	Q8N0W4	NLGNX	32.79	79.60	-	-
LOC135196287	XP_064079061.1	X6R8R1	ST15B	29.69	12.80	-	-
LOC135196290	XP_064079063.1	Q9Y2D2	S35A3	43.71	35.00	-	-
LOC135196292	XP_064079064.1	Q9BS26	ERP44	49.13	40.10	-	-
LOC135196292	XP_064079065.1	Q9BS26	ERP44	49.75	39.40	-	-
LOC135196293	XP_064079067.1	Q86WA6	BPHL	53.01	24.90	-	-
LOC135196295	XP_064079072.1	Q96I13	ABHD8	36.25	24.00	-	-
LOC135196296	XP_064079073.1	O94826	TOM70	45.68	37.00	-	-
LOC135196297	XP_064079074.1	Q9H2C2	ARV1	32.57	21.80	-	-
LOC135196298	XP_064079076.1	Q8WVB6	CTF18	29.17	24.00	-	-
LOC135196299	XP_064079077.1	Q9H8W5	TRI45	31.10	53.70	-	-
LOC135196301	XP_064079078.1	Q9HCU5	SEC12	25.56	45.00	-	-
LOC135196302	XP_064079079.1	Q96AG4	LRC59	44.98	22.90	-	-
LOC135196303	XP_064079080.1	O43156	TTI1	25.73	100.00	-	-
LOC135196306	XP_064079083.1	P22897	MRC1	27.27	13.20	-	-
LOC135196307	XP_064079084.1	Q14677	EPN4	46.22	47.60	-	-
LOC135196307	XP_064079085.1	Q14677	EPN4	45.00	46.00	-	-
LOC135196307	XP_064079087.1	Q14677	EPN4	47.88	42.40	-	-
LOC135196308	XP_064079088.1	Q6U841	S4A10	52.01	87.10	-	-
LOC135196308	XP_064079089.1	Q6U841	S4A10	52.01	87.10	-	-
LOC135196308	XP_064079090.1	Q6U841	S4A10	52.01	87.10	-	-
LOC135196308	XP_064079091.1	Q6U841	S4A10	52.01	87.10	-	-
LOC135196308	XP_064079092.1	Q6U841	S4A10	52.01	87.10	-	-
LOC135196308	XP_064079093.1	Q6U841	S4A10	52.01	87.10	-	-
LOC135196308	XP_064079094.1	Q6U841	S4A10	52.01	87.10	-	-
LOC135196308	XP_064079095.1	Q6U841	S4A10	52.01	87.10	-	-
LOC135196308	XP_064079096.1	Q6U841	S4A10	52.01	87.10	-	-
LOC135196308	XP_064079097.1	Q6U841	S4A10	52.01	87.10	-	-
LOC135196308	XP_064079098.1	Q6U841	S4A10	52.01	87.10	-	-
LOC135196308	XP_064079099.1	Q6U841	S4A10	52.01	87.10	-	-
LOC135196308	XP_064079100.1	Q6U841	S4A10	52.01	87.10	-	-
LOC135196308	XP_064079102.1	Q6U841	S4A10	52.01	87.10	-	-
LOC135196308	XP_064079103.1	Q6U841	S4A10	52.01	87.10	-	-
LOC135196308	XP_064079104.1	Q6U841	S4A10	52.01	87.10	-	-
LOC135196308	XP_064079105.1	Q6U841	S4A10	52.07	86.80	-	-
LOC135196308	XP_064079106.1	Q6U841	S4A10	52.01	87.10	-	-
LOC135196308	XP_064079107.1	Q6U841	S4A10	52.01	87.10	-	-
LOC135196308	XP_064079108.1	Q6U841	S4A10	49.78	100.00	-	-
LOC135196308	XP_064079109.1	Q6U841	S4A10	50.26	100.00	-	-
LOC135196308	XP_064079110.1	Q6U841	S4A10	50.57	100.00	-	-
LOC135196308	XP_064079111.1	Q6U841	S4A10	50.98	100.00	-	-
LOC135196308	XP_064079112.1	Q6U841	S4A10	50.35	100.00	-	-
LOC135196308	XP_064079113.1	Q6U841	S4A10	50.35	100.00	-	-
LOC135196308	XP_064079114.1	Q6U841	S4A10	50.35	100.00	-	-
LOC135196308	XP_064079115.1	Q6U841	S4A10	50.35	100.00	-	-
LOC135196308	XP_064079116.1	Q6U841	S4A10	50.76	100.00	-	-
LOC135196308	XP_064079118.1	Q6U841	S4A10	52.01	87.10	-	-
LOC135196308	XP_064079119.1	Q6U841	S4A10	52.07	86.80	-	-
LOC135196312	XP_064079120.1	P43304	GPDM	60.88	75.40	-	-
LOC135196312	XP_064079121.1	P43304	GPDM	60.88	75.40	-	-
LOC135196312	XP_064079122.1	P43304	GPDM	60.88	75.40	-	-
LOC135196312	XP_064079123.1	P43304	GPDM	60.88	75.40	-	-
LOC135196312	XP_064079124.1	P43304	GPDM	64.08	72.10	-	-
LOC135196312	XP_064079125.1	P43304	GPDM	63.38	72.10	-	-
LOC135196312	XP_064079126.1	P43304	GPDM	61.72	72.10	-	-
LOC135196312	XP_064079127.1	P43304	GPDM	64.88	65.20	-	-
LOC135196313	XP_064079128.1	Q9Y2D4	EXC6B	53.66	80.70	-	-
LOC135196313	XP_064079129.1	Q9Y2D4	EXC6B	54.00	80.00	-	-
LOC135196313	XP_064079130.1	Q9Y2D4	EXC6B	52.56	82.00	-	-
LOC135196313	XP_064079131.1	Q9Y2D4	EXC6B	53.35	79.10	-	-
LOC135196313	XP_064079132.1	Q9Y2D4	EXC6B	53.84	78.20	-	-
LOC135196317	XP_064079133.1	O95343	SIX3	75.59	21.30	-	-
LOC135196318	XP_064079134.1	O95475	SIX6	80.93	19.40	-	-
LOC135196325	XP_064079141.1	O75356	ENTP5	33.54	16.10	-	-
LOC135196322	XP_064079142.1	Q96B26	EXOS8	41.97	27.40	-	-
LOC135196326	XP_064079143.1	Q9NPC2	KCNK9	52.13	30.50	-	-
LOC135196329	XP_064079148.1	Q5JXM2	MET24	30.95	12.60	-	-
LOC135196329	XP_064079149.1	Q5JXM2	MET24	27.81	16.90	-	-
LOC135196330	XP_064079150.1	Q07973	CP24A	28.55	56.40	-	-
LOC135196332	XP_064079151.1	Q8NB90	AFG2A	32.83	52.70	-	-
LOC135196333	XP_064079152.1	O14602	IF1AY	81.25	12.80	-	-
LOC135196334	XP_064079153.1	Q9NY64	SL2A8	34.15	45.10	-	-
LOC135196336	XP_064079154.1	O15083	ERC2	34.87	63.10	-	-
LOC135196336	XP_064079155.1	O15083	ERC2	34.87	63.10	-	-
LOC135196336	XP_064079156.1	O15083	ERC2	35.31	62.30	-	-
LOC135196336	XP_064079157.1	O15083	ERC2	35.31	62.30	-	-
LOC135196336	XP_064079158.1	O15083	ERC2	36.41	60.70	-	-
LOC135196336	XP_064079159.1	O15083	ERC2	33.44	61.90	-	-
LOC135196336	XP_064079160.1	O15083	ERC2	36.09	59.30	-	-
LOC135196336	XP_064079161.1	O15083	ERC2	34.87	63.10	-	-
LOC135196336	XP_064079162.1	O15083	ERC2	35.60	57.30	-	-
LOC135196336	XP_064079163.1	O15083	ERC2	31.86	56.50	-	-
LOC135196336	XP_064079164.1	O15083	ERC2	38.58	25.40	-	-
LOC135196336	XP_064079165.1	O15083	ERC2	34.87	63.10	-	-
LOC135196336	XP_064079166.1	O15083	ERC2	34.87	63.10	-	-
LOC135196336	XP_064079167.1	O15083	ERC2	34.36	55.00	-	-
LOC135196338	XP_064079168.1	Q8N1E6	FXL14	69.74	39.00	-	-
LOC135196339	XP_064079169.1	Q9H1J7	WNT5B	61.33	36.20	-	-
LOC135196340	XP_064079170.1	O00237	RN103	28.31	71.70	-	-
LOC135196342	XP_064079171.1	Q9H871	RMD5A	59.26	29.70	-	-
LOC135196343	XP_064079172.1	Q8IWR1	TRI59	27.85	21.90	-	-
LOC135196341	XP_064079173.1	Q9NZQ3	SPN90	35.45	11.00	-	-
LOC135196345	XP_064079174.1	Q8N0W4	NLGNX	32.97	73.10	-	-
LOC135196345	XP_064079175.1	Q8N0W4	NLGNX	32.97	72.50	-	-
LOC135196346	XP_064079176.1	Q16820	MEP1B	40.68	26.30	-	-
LOC135196346	XP_064079177.1	Q16820	MEP1B	40.68	26.30	-	-
LOC135196346	XP_064079178.1	Q16820	MEP1B	40.68	26.30	-	-
LOC135196346	XP_064079179.1	Q16820	MEP1B	41.31	25.90	-	-
LOC135196346	XP_064079180.1	Q16820	MEP1B	40.68	26.30	-	-
LOC135196346	XP_064079181.1	Q16820	MEP1B	41.31	25.90	-	-
LOC135196346	XP_064079182.1	Q16820	MEP1B	40.68	26.30	-	-
LOC135196346	XP_064079183.1	Q16820	MEP1B	40.68	26.30	-	-
LOC135196346	XP_064079184.1	Q16820	MEP1B	40.68	26.30	-	-
LOC135196346	XP_064079185.1	Q16820	MEP1B	41.31	25.90	-	-
LOC135196346	XP_064079186.1	Q16820	MEP1B	40.68	26.30	-	-
LOC135196348	XP_064079187.1	Q9UMR5	PPT2	49.25	26.80	-	-
LOC135196350	XP_064079188.1	Q9BXW9	FACD2	34.06	100.00	-	-
LOC135196353	XP_064079191.1	Q13002	GRIK2	44.88	86.90	-	-
LOC135196353	XP_064079192.1	Q13002	GRIK2	45.22	86.90	-	-
LOC135196353	XP_064079193.1	Q13002	GRIK2	45.39	86.80	-	-
LOC135196353	XP_064079194.1	Q13002	GRIK2	45.74	86.80	-	-
LOC135196353	XP_064079195.1	Q13002	GRIK2	44.65	88.70	-	-
LOC135196353	XP_064079196.1	Q13002	GRIK2	45.48	88.60	-	-
